Flow Duration,Tot Fwd Pkts,Tot Bwd Pkts,TotLen Fwd Pkts,TotLen Bwd Pkts,Fwd Pkt Len Max,Fwd Pkt Len Min,Fwd Pkt Len Mean,Fwd Pkt Len Std,Bwd Pkt Len Max,Bwd Pkt Len Min,Bwd Pkt Len Mean,Bwd Pkt Len Std,Flow Byts/s,Flow Pkts/s,Flow IAT Mean,Flow IAT Std,Flow IAT Max,Flow IAT Min,Fwd IAT Tot,Fwd IAT Mean,Fwd IAT Std,Fwd IAT Max,Fwd IAT Min,Bwd IAT Tot,Bwd IAT Mean,Bwd IAT Std,Bwd IAT Max,Bwd IAT Min,Fwd PSH Flags,Bwd PSH Flags,Fwd URG Flags,Bwd URG Flags,Fwd Header Len,Bwd Header Len,Fwd Pkts/s,Bwd Pkts/s,Pkt Len Min,Pkt Len Max,Pkt Len Mean,Pkt Len Std,Pkt Len Var,FIN Flag Cnt,SYN Flag Cnt,RST Flag Cnt,PSH Flag Cnt,ACK Flag Cnt,URG Flag Cnt,CWE Flag Count,ECE Flag Cnt,Down/Up Ratio,Pkt Size Avg,Fwd Seg Size Avg,Bwd Seg Size Avg,Fwd Byts/b Avg,Fwd Pkts/b Avg,Fwd Blk Rate Avg,Bwd Byts/b Avg,Bwd Pkts/b Avg,Bwd Blk Rate Avg,Subflow Fwd Pkts,Subflow Fwd Byts,Subflow Bwd Pkts,Subflow Bwd Byts,Init Fwd Win Byts,Init Bwd Win Byts,Fwd Act Data Pkts,Fwd Seg Size Min,Active Mean,Active Std,Active Max,Active Min,Idle Mean,Idle Std,Idle Max,Idle Min,y
115858688,3,2,117.0,35.0,81.0,18.0,39.0,36.373066958946424,18.0,17.0,17.5,0.7071067811865476,1.3119430456523036,0.0431560212385626,28964672.0,30175225.03465193,74005859.0,9842094.0,41852829.0,20926414.5,15675596.380790126,32010735.0,9842094.0,89185407.0,89185407.0,0.0,89185407.0,89185407.0,0,1,0,0,96,64,0.0258936127431375,0.017262408495425,17.0,81.0,28.333333333333336,25.804392390960626,665.8666666666667,0,0,0,1,1,0,0,0,0.0,34.0,39.0,17.5,0,0,0,0,0,0,3,117,2,35,-1,344,3,0,0.0,0.0,0.0,0.0,28964672.0,30175225.03465193,74005859.0,9842094.0,6
94767233,0,3,0.0,505.0,0.0,0.0,0.0,0.0,292.0,27.0,168.33333333333334,133.38040835644992,5.328846100212718,0.0316565114864121,47383616.5,66711282.87137042,94555617.0,211616.0,0.0,0.0,0.0,0.0,0.0,94767233.0,47383616.5,66711282.87137042,94555617.0,211616.0,0,1,0,0,0,96,0.0,0.0316565114864121,27.0,292.0,133.0,129.82295636750845,16854.0,0,0,0,1,1,0,0,0,0.0,177.33333333333337,0.0,168.33333333333334,0,0,0,0,0,0,0,0,3,505,-1,394,0,0,0.0,0.0,0.0,0.0,94555617.0,0.0,94555617.0,94555617.0,1
52,0,2,0.0,1027.0,0.0,0.0,0.0,0.0,1010.0,17.0,513.5,702.1570337182417,19750000.0,38461.53846153846,52.0,0.0,52.0,52.0,0.0,0.0,0.0,0.0,0.0,52.0,52.0,0.0,52.0,52.0,0,1,0,0,0,64,0.0,38461.53846153846,17.0,1010.0,679.0,573.3088173052984,328683.0,0,0,0,1,1,0,0,0,0.0,1018.5,0.0,513.5,0,0,0,0,0,0,0,0,2,1027,-1,243,0,0,0.0,0.0,0.0,0.0,0.0,0.0,0.0,0.0,3
118820943,212,1,0.0,0.0,0.0,0.0,0.0,0.0,0.0,0.0,0.0,0.0,0.0,1.7926132769372147,560476.1462264151,747039.6483714825,4719640.0,21.0,118649925.0,562321.9194312796,748331.4816416384,4719640.0,21.0,0.0,0.0,0.0,0.0,0.0,0,0,0,0,0,0,1.7841972521628615,0.0084160247743531,0.0,0.0,0.0,0.0,0.0,0,0,0,0,0,0,0,0,0.0,0.0,0.0,0.0,0,0,0,0,0,0,212,0,1,0,-1,-1,0,0,0.0,0.0,0.0,0.0,0.0,0.0,0.0,0.0,0
596,0,2,0.0,1027.0,0.0,0.0,0.0,0.0,1010.0,17.0,513.5,702.1570337182417,1723154.3624161074,3355.7046979865772,596.0,0.0,596.0,596.0,0.0,0.0,0.0,0.0,0.0,596.0,596.0,0.0,596.0,596.0,0,1,0,0,0,64,0.0,3355.7046979865772,17.0,1010.0,679.0,573.3088173052984,328683.0,0,0,0,1,1,0,0,0,0.0,1018.5,0.0,513.5,0,0,0,0,0,0,0,0,2,1027,-1,243,0,0,0.0,0.0,0.0,0.0,0.0,0.0,0.0,0.0,3
99690981,3,4,63.0,513.0,27.0,18.0,21.0,5.196152422706632,292.0,17.0,128.25,135.00709857880312,5.777854668718728,0.0702169838212345,16615163.5,14306793.685310692,37690920.0,5795.0,85580140.0,42790070.0,7211287.086574768,47889220.0,37690920.0,39679688.0,13226562.666666668,15729255.007574402,30622026.0,5795.0,0,1,0,0,96,128,0.0300929930662433,0.0401239907549911,17.0,292.0,74.25,105.6067503253732,11152.785714285714,0,0,0,1,1,0,0,0,1.0,84.85714285714286,21.0,128.25,0,0,0,0,0,0,3,63,4,513,-1,900,3,0,5795.0,0.0,5795.0,5795.0,19937037.2,13156522.920282535,37690920.0,5058974.0,8
118058519,65,69,1176.0,2062.0,27.0,15.0,18.09230769230769,1.756444178972436,292.0,17.0,29.88405797101449,53.813276360973155,27.427076228188163,1.1350303318644883,887658.0375939845,978710.4009174244,2002015.0,150.0,116057027.0,1813391.046875,519646.7009747586,2002379.0,37324.0,118058519.0,1736154.6911764704,627193.9362878966,2002502.0,280.0,0,1,0,0,2080,2208,0.5505744147103862,0.5844559171541022,15.0,292.0,24.118518518518513,38.80761039608733,1506.0306246545051,0,0,0,1,1,0,0,0,1.0,24.298507462686572,18.092307692307692,29.88405797101449,0,0,0,0,0,0,65,1176,69,2062,-1,227,65,0,0.0,0.0,0.0,0.0,0.0,0.0,0.0,0.0,1
118060604,64,68,1161.0,2045.0,27.0,15.0,18.140625000000007,1.726241789056711,292.0,17.0,30.0735294117647,54.1901891700214,27.155544621811355,1.1180698347096378,901225.9847328244,982392.7580094662,2001044.0,387.0,116059010.0,1842206.507936508,481767.7501632072,2001859.0,14779.0,118060604.0,1762098.5671641792,603157.0541989175,2002113.0,387.0,0,1,0,0,2048,2176,0.5420944653137638,0.575975369395874,15.0,292.0,24.240601503759393,39.08734399062583,1527.8204602415128,0,0,0,1,1,0,0,0,1.0,24.424242424242426,18.140625,30.073529411764717,0,0,0,0,0,0,64,1161,68,2045,-1,227,64,0,0.0,0.0,0.0,0.0,0.0,0.0,0.0,0.0,1
118063162,61,65,1116.0,1994.0,27.0,18.0,18.29508196721312,1.6160060055074257,292.0,17.0,30.67692307692308,55.37009224648825,26.34183217962602,1.067225355187421,944505.296,1000855.048955892,2001862.0,197.0,116061822.0,1934363.7,355221.6054392297,2002201.0,32608.0,118063162.0,1844736.90625,534597.3662807149,2002227.0,283.0,0,1,0,0,1952,2080,0.5166725925907354,0.5505527625966853,17.0,292.0,24.62992125984253,39.96423066360008,1597.1397325334333,0,0,0,1,1,0,0,0,1.0,24.825396825396822,18.295081967213115,30.67692307692308,0,0,0,0,0,0,61,1116,65,1994,-1,227,61,0,0.0,0.0,0.0,0.0,0.0,0.0,0.0,0.0,7
109,0,2,0.0,1027.0,0.0,0.0,0.0,0.0,1010.0,17.0,513.5,702.1570337182417,9422018.348623851,18348.623853211007,109.0,0.0,109.0,109.0,0.0,0.0,0.0,0.0,0.0,109.0,109.0,0.0,109.0,109.0,0,1,0,0,0,64,0.0,18348.623853211007,17.0,1010.0,679.0,573.3088173052984,328683.0,0,0,0,1,1,0,0,0,0.0,1018.5,0.0,513.5,0,0,0,0,0,0,0,0,2,1027,-1,227,0,0,0.0,0.0,0.0,0.0,0.0,0.0,0.0,0.0,3
118841709,64,68,1161.0,2045.0,27.0,15.0,18.140625,1.7262417890567103,292.0,17.0,30.073529411764717,54.1901891700214,26.97706072200628,1.1107211526215934,907188.6183206104,974926.5958985873,2003298.0,181.0,116840849.0,1854616.6507936504,417242.6917716787,2003565.0,177986.0,118841709.0,1773756.8507462684,559926.1530973539,2003591.0,263.0,0,1,0,0,2048,2176,0.5385314679377423,0.5721896846838512,15.0,292.0,24.24060150375939,39.08734399062583,1527.8204602415124,0,0,0,1,1,0,0,0,1.0,24.424242424242426,18.140625,30.073529411764717,0,0,0,0,0,0,64,1161,68,2045,-1,227,64,0,0.0,0.0,0.0,0.0,0.0,0.0,0.0,0.0,4
88067377,5,2,90.0,34.0,18.0,18.0,18.0,0.0,17.0,17.0,17.0,0.0,1.4080128672391368,0.0794845973441448,14677896.166666668,17065947.711787686,49003917.0,2926347.0,79005916.0,19751479.0,19532625.387020625,49003917.0,9001019.0,20988827.0,20988827.0,0.0,20988827.0,20988827.0,0,1,0,0,160,64,0.0567747123886748,0.0227098849554699,17.0,18.0,17.625,0.5175491695067658,0.267857142857143,0,0,0,1,1,0,0,0,0.0,20.142857142857142,18.0,17.0,0,0,0,0,0,0,5,90,2,34,-1,427,5,0,2926347.0,0.0,2926347.0,2926347.0,17028206.0,17961863.538671706,49003917.0,6541852.0,6
119286272,62,65,1125.0,2003.0,27.0,18.0,18.145161290322584,1.1430011430017148,292.0,17.0,30.81538461538461,55.349145292546154,26.222631888437252,1.0646656808924333,946716.4444444444,993103.6648402308,2077450.0,197.0,118595942.0,1944195.770491804,295490.13633974275,2077798.0,157988.0,119286272.0,1863848.0,481434.4298719144,2205347.0,428.0,0,1,0,0,1984,2080,0.5197580489396131,0.5449076319528202,17.0,292.0,24.648437500000004,39.807131447453024,1584.6077140748034,0,0,0,1,1,0,0,0,1.0,24.842519685039377,18.145161290322573,30.81538461538461,0,0,0,0,0,0,62,1125,65,2003,-1,227,62,0,0.0,0.0,0.0,0.0,0.0,0.0,0.0,0.0,5
82694770,3,6,72.0,716.0,27.0,18.0,24.0,5.196152422706632,292.0,17.0,119.33333333333331,118.25001761803956,9.52901858243272,0.1088339685810843,10336846.25,13171883.618756752,39371516.0,479.0,60671991.0,30335995.5,13637107.939792238,39978887.0,20693104.0,82694770.0,16538954.0,16997504.114757698,44923427.0,479.0,0,1,0,0,96,192,0.0362779895270281,0.0725559790540562,17.0,292.0,80.6,101.3795947033831,10277.822222222225,0,0,0,1,1,0,0,0,2.0,89.55555555555556,24.0,119.33333333333331,0,0,0,0,0,0,3,72,6,716,-1,609,3,0,607371.0,0.0,607371.0,607371.0,16417124.0,13428645.185048062,39371516.0,5551911.0,7
118220813,61,65,1116.0,1994.0,27.0,18.0,18.29508196721312,1.6160060055074257,292.0,17.0,30.67692307692308,55.37009224648823,26.30670455632884,1.0658021781663776,945766.5039999996,990400.1748582989,2075456.0,231.0,116218999.0,1936983.3166666664,275937.7428091216,2076192.0,526960.0,118220813.0,1847200.203125,491743.78944011714,2076188.0,231.0,0,1,0,0,1952,2080,0.5159835941916591,0.5498185839747185,17.0,292.0,24.62992125984252,39.96423066360008,1597.1397325334333,0,0,0,1,1,0,0,0,1.0,24.825396825396822,18.295081967213115,30.67692307692308,0,0,0,0,0,0,61,1116,65,1994,-1,227,61,0,0.0,0.0,0.0,0.0,0.0,0.0,0.0,0.0,9
118471769,62,64,1134.0,1533.0,27.0,18.0,18.290322580645164,1.6031433955497771,292.0,17.0,23.953125,40.05806487472825,22.51169221588985,1.0635445141365285,947774.152,986779.9536571944,2068266.0,368.0,116470021.0,1909344.606557377,337099.39950615354,2068857.0,159908.0,118471769.0,1880504.2698412696,422547.0952977373,2201051.0,368.0,0,1,0,0,1984,2048,0.5233314275909899,0.5402130865455381,17.0,292.0,21.14173228346457,28.48968747131975,811.6622922134732,0,0,0,1,1,0,0,0,1.0,21.30952380952381,18.29032258064516,23.953125,0,0,0,0,0,0,62,1134,64,1533,-1,227,62,0,0.0,0.0,0.0,0.0,0.0,0.0,0.0,0.0,9
118054457,64,68,1188.0,2045.0,27.0,18.0,18.5625,1.991051409252336,292.0,17.0,30.073529411764717,54.1901891700214,27.38566659961005,1.1181280517007504,901179.0610687024,980168.6902347883,2001127.0,517.0,116052880.0,1842109.2063492064,474699.7204062917,2001781.0,20799.0,118054457.0,1762006.8208955226,595956.7168504857,2001795.0,593.0,0,1,0,0,2048,2176,0.5421226917336971,0.5760053599670532,17.0,292.0,24.44360902255639,39.061996863927654,1525.839598997493,0,0,0,1,1,0,0,0,1.0,24.62878787878788,18.5625,30.073529411764717,0,0,0,0,0,0,64,1188,68,2045,-1,227,64,0,0.0,0.0,0.0,0.0,0.0,0.0,0.0,0.0,9
118056299,65,69,1212.0,2062.0,27.0,18.0,18.646153846153844,2.0873934795484863,292.0,17.0,29.88405797101449,53.813276360973155,27.73253123918445,1.135051675641636,887641.3458646613,975409.8728238052,2000977.0,232.0,116054964.0,1813358.8125,508396.87987193617,2001383.0,25766.0,118056299.0,1736122.0441176472,616968.0029657659,2001658.0,345.0,0,1,0,0,2080,2208,0.5505847680351221,0.5844669076065141,17.0,292.0,24.385185185185183,38.77470039631073,1503.477390823659,0,0,0,1,1,0,0,0,1.0,24.56716417910448,18.646153846153847,29.88405797101449,0,0,0,0,0,0,65,1212,69,2062,-1,227,65,0,0.0,0.0,0.0,0.0,0.0,0.0,0.0,0.0,0
118061678,65,69,1176.0,2062.0,27.0,15.0,18.09230769230769,1.7564441789724357,292.0,17.0,29.88405797101449,53.813276360973155,27.426342356407982,1.134999961630225,887681.7894736844,973098.9500896252,2001630.0,184.0,116060251.0,1813441.421875,496982.0890918076,2002108.0,36538.0,118061678.0,1736201.1470588231,609664.0273497661,2002042.0,347.0,0,1,0,0,2080,2208,0.5505596828803331,0.5844402787498921,15.0,292.0,24.11851851851852,38.80761039608733,1506.0306246545051,0,0,0,1,1,0,0,0,1.0,24.298507462686572,18.092307692307692,29.88405797101449,0,0,0,0,0,0,65,1176,69,2062,-1,227,65,0,0.0,0.0,0.0,0.0,0.0,0.0,0.0,0.0,6
119608759,197,1,0.0,0.0,0.0,0.0,0.0,0.0,0.0,0.0,0.0,0.0,0.0,1.6553971603367277,607151.0609137055,823743.6391783691,6078435.0,9.0,119032495.0,607308.6479591837,825850.1242529661,6078435.0,9.0,0.0,0.0,0.0,0.0,0.0,0,0,0,0,0,0,1.647036568617855,0.0083605917188723,0.0,0.0,0.0,0.0,0.0,0,0,0,0,0,0,0,0,0.0,0.0,0.0,0.0,0,0,0,0,0,0,197,0,1,0,-1,-1,0,0,52079326.0,20851214.2611036,66823361.0,37335291.0,5917909.5,227017.3392067223,6078435.0,5757384.0,4
95755664,5,2,117.0,478.0,27.0,18.0,23.4,4.929503017546495,292.0,186.0,239.0,74.95331880577403,6.213731649336169,0.0731027252863078,15959277.333333332,12240177.909461228,39167913.0,4604611.0,95755664.0,23938916.0,10888738.993829573,39167913.0,14692231.0,9893436.0,9893436.0,0.0,9893436.0,9893436.0,1,0,0,0,160,64,0.0522162323473627,0.0208864929389451,18.0,292.0,77.75,103.55364379323956,10723.357142857143,0,0,0,7,7,0,0,0,0.0,88.85714285714286,23.4,239.0,0,0,0,0,0,0,0,16,0,68,1444,425,4,32,0.0,0.0,0.0,0.0,1589807822904023.5,29338259.70292585,1589807864427271.0,1589807793257274.0,2
52306139,1,2,27.0,99.0,27.0,27.0,27.0,0.0,82.0,17.0,49.5,45.9619407771256,2.4088950629676567,0.0573546443563727,26153069.5,5431046.0628814865,29993399.0,22312740.0,0.0,0.0,0.0,0.0,0.0,22312740.0,22312740.0,0.0,22312740.0,22312740.0,0,1,0,0,32,64,0.0191182147854576,0.0382364295709151,17.0,82.0,52.0,34.88074922742725,1216.6666666666667,0,0,0,1,1,0,0,0,2.0,69.33333333333333,27.0,49.5,0,0,0,0,0,0,1,27,2,99,-1,269,1,0,0.0,0.0,0.0,0.0,26153069.5,5431046.0628814865,29993399.0,22312740.0,2
62000015,2,1,45.0,27.0,27.0,18.0,22.5,6.363961030678928,27.0,27.0,27.0,0.0,1.1612900416233771,0.0483870850676407,31000007.5,40691661.09780111,59773357.0,2226658.0,59773357.0,59773357.0,0.0,59773357.0,59773357.0,0.0,0.0,0.0,0.0,0.0,0,1,0,0,64,32,0.0322580567117604,0.0161290283558802,18.0,27.0,24.75,4.5,20.25,0,0,0,1,1,0,0,0,0.0,33.0,22.5,27.0,0,0,0,0,0,0,2,45,1,27,-1,1444,2,0,2226658.0,0.0,2226658.0,2226658.0,59773357.0,0.0,59773357.0,59773357.0,4
224,0,2,0.0,1027.0,0.0,0.0,0.0,0.0,1010.0,17.0,513.5,702.1570337182417,4584821.428571429,8928.57142857143,224.0,0.0,224.0,224.0,0.0,0.0,0.0,0.0,0.0,224.0,224.0,0.0,224.0,224.0,0,1,0,0,0,64,0.0,8928.57142857143,17.0,1010.0,679.0,573.3088173052984,328683.0,0,0,0,1,1,0,0,0,0.0,1018.5,0.0,513.5,0,0,0,0,0,0,0,0,2,1027,-1,227,0,0,0.0,0.0,0.0,0.0,0.0,0.0,0.0,0.0,4
106,0,2,0.0,1027.0,0.0,0.0,0.0,0.0,1010.0,17.0,513.5,702.1570337182417,9688679.24528302,18867.924528301886,106.0,0.0,106.0,106.0,0.0,0.0,0.0,0.0,0.0,106.0,106.0,0.0,106.0,106.0,0,1,0,0,0,64,0.0,18867.924528301886,17.0,1010.0,679.0,573.3088173052984,328683.0,0,0,0,1,1,0,0,0,0.0,1018.5,0.0,513.5,0,0,0,0,0,0,0,0,2,1027,-1,243,0,0,0.0,0.0,0.0,0.0,0.0,0.0,0.0,0.0,7
118198207,61,65,1116.0,1994.0,27.0,18.0,18.29508196721312,1.6160060055074257,292.0,17.0,30.67692307692308,55.37009224648823,26.311735845536127,1.0660060181792774,945585.6559999998,990631.942259522,2066471.0,217.0,116196957.0,1936615.950000001,275952.3145599571,2066770.0,533157.0,118198207.0,1846846.984375,491651.2464516974,2066698.0,305.0,0,1,0,0,1952,2080,0.5160822786423487,0.5499237395369289,17.0,292.0,24.62992125984253,39.96423066360009,1597.1397325334335,0,0,0,1,1,0,0,0,1.0,24.825396825396822,18.295081967213115,30.67692307692308,0,0,0,0,0,0,61,1116,65,1994,-1,227,61,0,0.0,0.0,0.0,0.0,0.0,0.0,0.0,0.0,9
395,0,2,0.0,1027.0,0.0,0.0,0.0,0.0,1010.0,17.0,513.5,702.1570337182417,2600000.0,5063.291139240506,395.0,0.0,395.0,395.0,0.0,0.0,0.0,0.0,0.0,395.0,395.0,0.0,395.0,395.0,0,1,0,0,0,64,0.0,5063.291139240506,17.0,1010.0,679.0,573.3088173052984,328683.0,0,0,0,1,1,0,0,0,0.0,1018.5,0.0,513.5,0,0,0,0,0,0,0,0,2,1027,-1,243,0,0,0.0,0.0,0.0,0.0,0.0,0.0,0.0,0.0,4
118057703,65,69,1212.0,2062.0,27.0,18.0,18.646153846153847,2.0873934795484868,292.0,17.0,29.88405797101449,53.813276360973155,27.732201430346308,1.1350381770514373,887651.9022556389,957158.6195476572,2000918.0,392.0,116055932.0,1813373.9375,426058.9244000372,2001702.0,376836.0,118057703.0,1736142.6911764706,558854.8229319812,2001765.0,392.0,0,1,0,0,2080,2208,0.5505782202115179,0.5844599568399191,17.0,292.0,24.38518518518517,38.774700396310735,1503.477390823659,0,0,0,1,1,0,0,0,1.0,24.56716417910448,18.646153846153847,29.88405797101449,0,0,0,0,0,0,65,1212,69,2062,-1,227,65,0,0.0,0.0,0.0,0.0,0.0,0.0,0.0,0.0,1
119139264,63,65,1143.0,2003.0,27.0,18.0,18.142857142857142,1.133893419027682,292.0,17.0,30.81538461538461,55.349145292546154,26.40607214091905,1.0743729288104382,938104.440944882,993902.1198594328,2094254.0,150.0,118799060.0,1916113.8709677416,374527.1991345749,2094254.0,110040.0,119139264.0,1861551.0,498269.1531756515,2204962.0,474.0,0,1,0,0,2016,2080,0.5287929258988876,0.5455800029115506,17.0,292.0,24.596899224806208,39.65565048401144,1572.5706153100766,0,0,0,1,1,0,0,0,1.0,24.7890625,18.142857142857142,30.81538461538461,0,0,0,0,0,0,63,1143,65,2003,-1,227,63,0,0.0,0.0,0.0,0.0,0.0,0.0,0.0,0.0,5
118059282,61,65,1116.0,1994.0,27.0,18.0,18.29508196721312,1.6160060055074257,292.0,17.0,30.67692307692307,55.37009224648825,26.342697899856788,1.0672604293832653,944474.256,1000819.3255899652,2001030.0,199.0,116058060.0,1934301.0,354809.96541595977,2001269.0,35060.0,118059282.0,1844676.28125,534327.2953099561,2001295.0,246.0,0,1,0,0,1952,2080,0.5166895729553903,0.5505708564278751,17.0,292.0,24.62992125984253,39.96423066360008,1597.1397325334333,0,0,0,1,1,0,0,0,1.0,24.825396825396822,18.295081967213115,30.67692307692308,0,0,0,0,0,0,61,1116,65,1994,-1,227,61,0,0.0,0.0,0.0,0.0,0.0,0.0,0.0,0.0,7
112005090,3,2,126.0,35.0,90.0,18.0,42.0,41.569219381653056,18.0,17.0,17.5,0.7071067811865476,1.4374346737277743,0.0446408283766389,28001272.5,12362961.212893143,43473364.0,13344307.0,83000005.0,41500002.5,2790754.596764914,43473364.0,39526641.0,55187419.0,55187419.0,0.0,55187419.0,55187419.0,0,1,0,0,96,64,0.0267844970259833,0.0178563313506555,17.0,90.0,29.833333333333336,29.47824056260256,868.9666666666667,0,0,0,1,1,0,0,0,0.0,35.8,42.0,17.5,0,0,0,0,0,0,3,126,2,35,-1,227,3,0,0.0,0.0,0.0,0.0,28001272.5,12362961.212893143,43473364.0,13344307.0,2
118051189,64,68,1188.0,2045.0,27.0,18.0,18.5625,1.9910514092523364,292.0,17.0,30.073529411764717,54.1901891700214,27.38642471445163,1.118159004734802,901154.1145038168,986193.4459280338,2001072.0,218.0,116049745.0,1842059.4444444445,496276.9253406218,2001376.0,30673.0,118051189.0,1761958.044776119,614099.2827846728,2001435.0,251.0,0,1,0,0,2048,2176,0.5421376992653586,0.5760213054694434,17.0,292.0,24.44360902255639,39.061996863927654,1525.8395989974929,0,0,0,1,1,0,0,0,1.0,24.62878787878788,18.5625,30.073529411764717,0,0,0,0,0,0,64,1188,68,2045,-1,227,64,0,0.0,0.0,0.0,0.0,0.0,0.0,0.0,0.0,2
119901888,237,1,0.0,0.0,0.0,0.0,0.0,0.0,0.0,0.0,0.0,0.0,0.0,1.984956233549884,505915.1392405064,728452.9212213958,5820909.0,4.0,118901810.0,503821.2288135592,729286.0738790521,5820909.0,4.0,0.0,0.0,0.0,0.0,0.0,0,0,0,0,0,0,1.9766160813080773,0.0083401522418062,0.0,0.0,0.0,0.0,0.0,0,0,0,0,0,0,0,0,0.0,0.0,0.0,0.0,0,0,0,0,0,0,237,0,1,0,-1,-1,0,0,43859140.0,0.0,43859140.0,43859140.0,5820909.0,0.0,5820909.0,5820909.0,2
115399371,8,5,144.0,86.0,18.0,18.0,18.0,0.0,18.0,17.0,17.2,0.4472135954999577,1.9930784544744184,0.1126522604702932,9616614.25,7185943.052422165,22000344.0,103791.0,85384310.0,12197758.57142857,6531305.121771755,23532244.0,6999728.0,111162148.0,27790537.0,24736156.21952036,59943242.0,103791.0,0,1,0,0,256,160,0.0693244679817188,0.0433277924885743,17.0,18.0,17.714285714285715,0.4688072309384957,0.21978021978022,0,0,0,1,1,0,0,0,0.0,19.076923076923077,18.0,17.2,0,0,0,0,0,0,8,144,5,86,-1,352,8,0,3593471.0,0.0,3593471.0,3593471.0,13091161.0,6191900.89075597,22000344.0,6999728.0,3
163,0,2,0.0,1027.0,0.0,0.0,0.0,0.0,1010.0,17.0,513.5,702.1570337182417,6300613.496932515,12269.938650306747,163.0,0.0,163.0,163.0,0.0,0.0,0.0,0.0,0.0,163.0,163.0,0.0,163.0,163.0,0,1,0,0,0,64,0.0,12269.938650306747,17.0,1010.0,679.0,573.3088173052984,328683.0,0,0,0,1,1,0,0,0,0.0,1018.5,0.0,513.5,0,0,0,0,0,0,0,0,2,1027,-1,243,0,0,0.0,0.0,0.0,0.0,0.0,0.0,0.0,0.0,4
20669537,13,14,665.0,257.0,292.0,17.0,51.153846153846146,86.13056576485702,27.0,15.0,18.35714285714285,2.619663597227201,44.60670792964545,1.3062701888290968,794982.1923076924,946219.076164374,2000922.0,251.0,20010121.0,1667510.0833333335,676076.7761741882,2001274.0,591.0,20669185.0,1589937.3076923075,705209.9641822267,2001281.0,578.0,0,1,0,0,416,448,0.6289449057325279,0.6773252830965687,15.0,292.0,33.535714285714285,59.8284474284025,3579.4431216931225,0,0,0,1,1,0,0,0,1.0,34.77777777777778,51.153846153846146,18.357142857142858,0,0,0,0,0,0,13,665,14,257,-1,245,13,0,0.0,0.0,0.0,0.0,0.0,0.0,0.0,0.0,7
28923704,1,1,18.0,27.0,18.0,18.0,18.0,0.0,27.0,27.0,27.0,0.0,1.5558173323859212,0.0691474369949298,28923704.0,0.0,28923704.0,28923704.0,0.0,0.0,0.0,0.0,0.0,0.0,0.0,0.0,0.0,0.0,0,1,0,0,32,32,0.0345737184974649,0.0345737184974649,18.0,27.0,24.0,5.196152422706632,27.0,0,0,0,1,1,0,0,0,1.0,36.0,18.0,27.0,0,0,0,0,0,0,1,18,1,27,-1,1444,1,0,0.0,0.0,0.0,0.0,28923704.0,0.0,28923704.0,28923704.0,7
119241939,240,1,0.0,0.0,0.0,0.0,0.0,0.0,0.0,0.0,0.0,0.0,0.0,2.021100981928849,496841.4124999999,679480.3190358273,4662467.0,8.0,118864025.0,497339.01673640177,680862.4799062773,4662467.0,8.0,0.0,0.0,0.0,0.0,0.0,0,0,0,0,0,0,2.012714670800514,0.0083863111283354,0.0,0.0,0.0,0.0,0.0,0,0,0,0,0,0,0,0,0.0,0.0,0.0,0.0,0,0,0,0,0,0,240,0,1,0,-1,-1,0,0,0.0,0.0,0.0,0.0,0.0,0.0,0.0,0.0,5
118414420,61,65,1116.0,1994.0,27.0,18.0,18.29508196721312,1.6160060055074257,292.0,17.0,30.67692307692308,55.37009224648823,26.26369322249773,1.064059596795728,947315.36,998002.01200751,2075550.0,109.0,116398999.0,1939983.316666667,315363.58148498,2075758.0,151921.0,118414420.0,1850225.312500001,514029.4774612401,2075728.0,151.0,0,1,0,0,1952,2080,0.5151399635280905,0.5489196332676375,17.0,292.0,24.62992125984252,39.96423066360008,1597.1397325334333,0,0,0,1,1,0,0,0,1.0,24.825396825396822,18.295081967213115,30.67692307692308,0,0,0,0,0,0,61,1116,65,1994,-1,227,61,0,0.0,0.0,0.0,0.0,0.0,0.0,0.0,0.0,9
73696081,4,9,71.0,85.0,18.0,17.0,17.75,0.4999999999999998,17.0,0.0,9.444444444444445,8.959786703810408,2.116801841878132,0.1764001534898443,6141340.083333332,9834818.869487332,33354267.0,310461.0,68330404.0,22776801.33333333,13618842.096545557,34560006.0,7866334.0,73385620.0,9173202.5,13486664.219999662,38719944.0,330449.0,1,0,0,0,128,336,0.0542769703045674,0.1221231831852768,0.0,18.0,12.357142857142858,8.120317754839428,65.93956043956042,0,0,0,9,13,0,0,0,2.0,13.307692307692308,17.75,9.444444444444445,0,0,0,0,0,0,0,5,0,6,382,382,3,32,0.0,0.0,0.0,0.0,1589806634915514.2,21007488.19150902,1589806684378259.0,1589806617894504.0,6
118071731,64,68,1188.0,2045.0,27.0,18.0,18.5625,1.991051409252336,292.0,17.0,30.073529411764717,54.1901891700214,27.381660052057686,1.1179644685652994,901310.923664122,994975.5772542248,2000997.0,602.0,116069919.0,1842379.6666666672,536076.9010529631,2008947.0,11939.0,118071731.0,1762264.6417910445,642952.1332128785,2008937.0,1001.0,0,1,0,0,2048,2176,0.5420433786983271,0.5759210898669724,17.0,292.0,24.44360902255639,39.061996863927654,1525.839598997493,0,0,0,1,1,0,0,0,1.0,24.62878787878788,18.5625,30.073529411764717,0,0,0,0,0,0,64,1188,68,2045,-1,227,64,0,0.0,0.0,0.0,0.0,0.0,0.0,0.0,0.0,5
119637092,200,1,0.0,0.0,0.0,0.0,0.0,0.0,0.0,0.0,0.0,0.0,0.0,1.6800809568323507,598185.46,792208.7051859255,6933286.0,13.0,119027300.0,598127.135678392,794206.282178913,6933286.0,13.0,0.0,0.0,0.0,0.0,0.0,0,0,0,0,0,0,1.6717223451068168,0.008358611725534,0.0,0.0,0.0,0.0,0.0,0,0,0,0,0,0,0,0,0.0,0.0,0.0,0.0,0,0,0,0,0,0,200,0,1,0,-1,-1,0,0,107910655.0,0.0,107910655.0,107910655.0,6933286.0,0.0,6933286.0,6933286.0,0
118054208,65,69,1212.0,2062.0,27.0,18.0,18.646153846153847,2.0873934795484863,292.0,17.0,29.88405797101449,53.813276360973155,27.733022443384648,1.135071779906397,887625.6240601505,966664.676252958,2001056.0,197.0,116052783.0,1813324.734375,467333.6706320786,2001308.0,387273.0,118054208.0,1736091.294117647,589116.5213564091,2001392.0,254.0,0,1,0,0,2080,2208,0.5505945201038492,0.5844772598025476,17.0,292.0,24.385185185185183,38.774700396310735,1503.477390823659,0,0,0,1,1,0,0,0,1.0,24.56716417910448,18.646153846153847,29.88405797101449,0,0,0,0,0,0,65,1212,69,2062,-1,227,65,0,0.0,0.0,0.0,0.0,0.0,0.0,0.0,0.0,9
141,0,2,0.0,1027.0,0.0,0.0,0.0,0.0,1010.0,17.0,513.5,702.1570337182417,7283687.94326241,14184.397163120566,141.0,0.0,141.0,141.0,0.0,0.0,0.0,0.0,0.0,141.0,141.0,0.0,141.0,141.0,0,1,0,0,0,64,0.0,14184.397163120566,17.0,1010.0,679.0,573.3088173052984,328683.0,0,0,0,1,1,0,0,0,0.0,1018.5,0.0,513.5,0,0,0,0,0,0,0,0,2,1027,-1,243,0,0,0.0,0.0,0.0,0.0,0.0,0.0,0.0,0.0,0
118059646,64,68,1188.0,2045.0,27.0,18.0,18.5625,1.9910514092523368,292.0,17.0,30.073529411764717,54.1901891700214,27.384462934947305,1.1180789073346875,901218.6717557252,971300.4021533309,2002356.0,93.0,116058431.0,1842197.317460318,427155.45128600346,2002627.0,163316.0,118059646.0,1762084.2686567162,565202.6664418322,2002449.0,301.0,0,1,0,0,2048,2176,0.5420988641622727,0.5759800431724147,17.0,292.0,24.44360902255639,39.061996863927654,1525.8395989974929,0,0,0,1,1,0,0,0,1.0,24.62878787878788,18.5625,30.073529411764717,0,0,0,0,0,0,64,1188,68,2045,-1,227,64,0,0.0,0.0,0.0,0.0,0.0,0.0,0.0,0.0,10
118036074,65,69,1176.0,2062.0,27.0,15.0,18.092307692307685,1.756444178972436,292.0,17.0,29.88405797101449,53.813276360973155,27.432291589095048,1.1352461621182013,887489.2781954887,966626.7652302232,2001032.0,92.0,117411372.0,1834552.6875,442696.0024945951,2001184.0,221936.0,118036074.0,1735824.6176470588,589018.7904010307,2001205.0,196.0,0,1,0,0,2080,2208,0.5506791084901722,0.584567053628029,15.0,292.0,24.11851851851852,38.80761039608733,1506.0306246545056,0,0,0,1,1,0,0,0,1.0,24.298507462686572,18.092307692307692,29.88405797101449,0,0,0,0,0,0,65,1176,69,2062,-1,227,65,0,0.0,0.0,0.0,0.0,0.0,0.0,0.0,0.0,1
111,0,2,0.0,1027.0,0.0,0.0,0.0,0.0,1010.0,17.0,513.5,702.1570337182417,9252252.252252253,18018.018018018018,111.0,0.0,111.0,111.0,0.0,0.0,0.0,0.0,0.0,111.0,111.0,0.0,111.0,111.0,0,1,0,0,0,64,0.0,18018.018018018018,17.0,1010.0,679.0,573.3088173052984,328683.0,0,0,0,1,1,0,0,0,0.0,1018.5,0.0,513.5,0,0,0,0,0,0,0,0,2,1027,-1,243,0,0,0.0,0.0,0.0,0.0,0.0,0.0,0.0,0.0,4
158,0,2,0.0,1027.0,0.0,0.0,0.0,0.0,1010.0,17.0,513.5,702.1570337182417,6500000.0,12658.227848101267,158.0,0.0,158.0,158.0,0.0,0.0,0.0,0.0,0.0,158.0,158.0,0.0,158.0,158.0,0,1,0,0,0,64,0.0,12658.227848101267,17.0,1010.0,679.0,573.3088173052984,328683.0,0,0,0,1,1,0,0,0,0.0,1018.5,0.0,513.5,0,0,0,0,0,0,0,0,2,1027,-1,243,0,0,0.0,0.0,0.0,0.0,0.0,0.0,0.0,0.0,5
97279583,5,0,292.0,0.0,220.0,0.0,58.4,91.0346088034655,0.0,0.0,0.0,0.0,3.001657603733766,0.0513982466392768,24319895.75,15530223.782535683,37768339.0,10615823.0,97279583.0,24319895.75,15530223.782535683,37768339.0,10615823.0,0.0,0.0,0.0,0.0,0.0,1,0,0,0,196,0,0.0513982466392768,0.0,0.0,220.0,51.5,83.15948532789271,6915.5,0,0,0,4,5,0,0,0,0.0,61.8,58.4,0.0,0,0,0,0,0,0,1,58,0,0,467,0,3,32,0.0,0.0,0.0,0.0,1192356400585432.8,794904259638780.4,1589808568343521.0,11127263.0,4
115038231,81,1,0.0,0.0,0.0,0.0,0.0,0.0,0.0,0.0,0.0,0.0,0.0,0.7128065103852301,1420225.0740740744,2795543.595312407,10010343.0,8.0,115038211.0,1437977.6374999995,2808582.967926224,10010343.0,8.0,0.0,0.0,0.0,0.0,0.0,0,0,0,0,0,0,0.704113748063459,0.008692762321771,0.0,0.0,0.0,0.0,0.0,0,0,0,0,0,0,0,0,0.0,0.0,0.0,0.0,0,0,0,0,0,0,81,0,1,0,-1,-1,0,0,2291900.8,1431117.0660778554,5007378.0,1612784.0,8227859.0,1074907.1816626776,10010343.0,5377141.0,0
119984010,229,1,0.0,0.0,0.0,0.0,0.0,0.0,0.0,0.0,0.0,0.0,0.0,1.91692209653603,523947.6419213975,696996.244844766,5831275.0,10.0,119737599.0,525164.9078947365,698285.7993560843,5831275.0,10.0,0.0,0.0,0.0,0.0,0.0,0,0,0,0,0,0,1.908587652638048,0.0083344438979827,0.0,0.0,0.0,0.0,0.0,0,0,0,0,0,0,0,0,0.0,0.0,0.0,0.0,0,0,0,0,0,0,229,0,1,0,-1,-1,0,0,88266417.0,0.0,88266417.0,88266417.0,5831275.0,0.0,5831275.0,5831275.0,3
119684085,201,0,0.0,0.0,0.0,0.0,0.0,0.0,0.0,0.0,0.0,0.0,0.0,1.679421286464278,598420.4249999999,829563.1212048786,5083996.0,9.0,119684085.0,598420.4249999999,829563.1212048786,5083996.0,9.0,0.0,0.0,0.0,0.0,0.0,0,0,0,0,0,0,1.679421286464278,0.0,0.0,0.0,0.0,0.0,0.0,0,0,0,0,0,0,0,0,0.0,0.0,0.0,0.0,0,0,0,0,0,0,1,0,0,0,0,0,0,0,0.0,0.0,0.0,0.0,1589808737724282.8,34680793.70859209,1589808800172369.0,1589808680976890.0,0
118049112,65,69,1176.0,2062.0,27.0,15.0,18.092307692307685,1.756444178972436,292.0,17.0,29.88405797101449,53.813276360973155,27.42926181435401,1.1351207792228035,887587.308270677,963303.4181833676,2001280.0,118.0,116048158.0,1813252.46875,452576.0265113044,2001533.0,111453.0,118049112.0,1736016.3529411762,578109.1052697182,2001597.0,266.0,0,1,0,0,2080,2208,0.5506182884289719,0.5845024907938317,15.0,292.0,24.11851851851852,38.80761039608733,1506.0306246545056,0,0,0,1,1,0,0,0,1.0,24.298507462686572,18.092307692307692,29.88405797101449,0,0,0,0,0,0,65,1176,69,2062,-1,227,65,0,0.0,0.0,0.0,0.0,0.0,0.0,0.0,0.0,1
103838582,7,14,126.0,221.0,18.0,18.0,18.0,0.0,17.0,0.0,15.785714285714285,4.543441112511214,3.3417251402758947,0.2022369681434979,5191929.1,8143969.721770418,32684976.0,146652.0,103838582.0,17306430.333333332,22722397.79129792,58460192.0,1546787.0,82330254.0,6333096.461538461,13064218.978585714,38453712.0,146652.0,1,0,0,0,224,460,0.0674123227144993,0.1348246454289986,0.0,18.0,16.59090909090909,3.7373162118734977,13.96753246753247,0,0,0,20,21,0,0,0,2.0,17.38095238095238,18.0,15.785714285714285,0,0,0,0,4,48,0,6,0,10,270,243,6,32,0.0,0.0,0.0,0.0,1589811026844671.8,32161550.569037944,1589811069441597.0,1589810971939682.0,6
23392661,12,14,204.0,248.0,17.0,17.0,17.0,0.0,18.0,15.0,17.714285714285715,0.8254203058555569,19.32229941689832,1.111459700972027,935706.44,1000420.063655974,2000257.0,187.0,22011012.0,2001001.0909090908,117.94952695576936,2001191.0,2000824.0,23391834.0,1799371.8461538462,567128.425594363,2001154.0,187.0,0,1,0,0,384,448,0.5129814004486278,0.5984783005233992,15.0,18.0,17.370370370370367,0.6877023141843231,0.4729344729344734,0,0,0,1,1,0,0,0,1.0,18.03846153846154,17.0,17.714285714285715,0,0,0,0,0,0,12,204,14,248,-1,229,12,0,0.0,0.0,0.0,0.0,0.0,0.0,0.0,0.0,7
261,0,2,0.0,1027.0,0.0,0.0,0.0,0.0,1010.0,17.0,513.5,702.1570337182417,3934865.900383142,7662.835249042146,261.0,0.0,261.0,261.0,0.0,0.0,0.0,0.0,0.0,261.0,261.0,0.0,261.0,261.0,0,1,0,0,0,64,0.0,7662.835249042146,17.0,1010.0,679.0,573.3088173052984,328683.0,0,0,0,1,1,0,0,0,0.0,1018.5,0.0,513.5,0,0,0,0,0,0,0,0,2,1027,-1,227,0,0,0.0,0.0,0.0,0.0,0.0,0.0,0.0,0.0,0
118232701,61,65,1116.0,1994.0,27.0,18.0,18.29508196721312,1.6160060055074257,292.0,17.0,30.67692307692308,55.37009224648823,26.30405948350956,1.0656950144444386,945861.608,990791.5498952448,2064723.0,235.0,116230942.0,1937182.366666667,278268.41118737264,2065468.0,499007.0,118232701.0,1847385.953125,492952.4469275782,2065382.0,235.0,0,1,0,0,1952,2080,0.5159317133421488,0.5497633011022898,17.0,292.0,24.62992125984253,39.96423066360009,1597.1397325334335,0,0,0,1,1,0,0,0,1.0,24.825396825396822,18.295081967213115,30.67692307692308,0,0,0,0,0,0,61,1116,65,1994,-1,227,61,0,0.0,0.0,0.0,0.0,0.0,0.0,0.0,0.0,9
28121906,17,18,733.0,329.0,292.0,17.0,43.11764705882353,76.07141574939727,27.0,15.0,18.277777777777786,2.2959185155543653,37.76415439266457,1.2445813594569302,827114.8823529412,991889.4885375074,2000390.0,234.0,28014076.0,1750879.75,669225.5265678876,2001394.0,34872.0,28121056.0,1654179.7647058824,767027.8608646273,2001299.0,234.0,0,1,0,0,544,576,0.6045109460219376,0.6400704134349926,15.0,292.0,29.972222222222214,52.98166049876456,2807.0563492063484,0,0,0,1,1,0,0,0,1.0,30.82857142857143,43.11764705882353,18.277777777777786,0,0,0,0,0,0,17,733,18,329,-1,245,17,0,0.0,0.0,0.0,0.0,0.0,0.0,0.0,0.0,7
116821819,6,11,90.0,170.0,18.0,0.0,15.0,7.3484692283495345,17.0,0.0,15.454545454545451,5.125692857821981,2.225611638524478,0.1455207609804466,7301363.687500001,15621205.332513794,62225117.0,205129.0,116821819.0,23364363.8,26278275.51016048,62225117.0,1706766.0,14917087.0,1491708.7,2412191.9601636203,7704410.0,205129.0,1,0,0,0,192,364,0.0513602685813341,0.0941604923991125,0.0,18.0,15.44444444444444,5.638337491956526,31.79084967320261,0,0,0,15,17,0,0,0,1.0,16.352941176470587,15.0,15.454545454545457,0,0,0,0,5,50,0,5,0,10,1444,411,4,32,0.0,0.0,0.0,0.0,1490444335097722.8,397451806099362.4,1589807308395389.0,62225117.0,3
118407421,61,65,1116.0,1994.0,27.0,18.0,18.29508196721312,1.6160060055074252,292.0,17.0,30.67692307692308,55.37009224648825,26.26524565550668,1.0641224927954474,947259.3680000004,990184.0553128084,2074208.0,215.0,116406080.0,1940101.333333334,259416.9830799321,2074535.0,719982.0,118407421.0,1850115.953125,483800.7343033472,2074556.0,215.0,0,1,0,0,1952,2080,0.5151704131787483,0.548952079616699,17.0,292.0,24.62992125984252,39.96423066360009,1597.1397325334335,0,0,0,1,1,0,0,0,1.0,24.825396825396822,18.295081967213115,30.67692307692308,0,0,0,0,0,0,61,1116,65,1994,-1,227,61,0,0.0,0.0,0.0,0.0,0.0,0.0,0.0,0.0,5
357,0,2,0.0,1027.0,0.0,0.0,0.0,0.0,1010.0,17.0,513.5,702.1570337182417,2876750.7002801117,5602.240896358542,357.0,0.0,357.0,357.0,0.0,0.0,0.0,0.0,0.0,357.0,357.0,0.0,357.0,357.0,0,1,0,0,0,64,0.0,5602.240896358542,17.0,1010.0,679.0,573.3088173052984,328683.0,0,0,0,1,1,0,0,0,0.0,1018.5,0.0,513.5,0,0,0,0,0,0,0,0,2,1027,-1,227,0,0,0.0,0.0,0.0,0.0,0.0,0.0,0.0,0.0,3
73053475,3,4,63.0,69.0,27.0,18.0,21.0,5.196152422706632,18.0,17.0,17.25,0.4999999999999998,1.8068955652006968,0.0958202193667036,12175579.166666664,7321711.201967431,25328765.0,5039331.0,41999622.0,20999811.0,6122065.457689259,25328765.0,16670857.0,73053475.0,24351158.333333336,19846713.65192163,46013980.0,7044127.0,0,1,0,0,96,128,0.0410658083000158,0.0547544110666877,17.0,27.0,18.75,3.3700360320244136,11.357142857142856,0,0,0,1,1,0,0,0,1.0,21.428571428571427,21.0,17.25,0,0,0,0,0,0,3,63,4,69,-1,900,3,0,0.0,0.0,0.0,0.0,12175579.166666664,7321711.201967431,25328765.0,5039331.0,8
119973247,270,1,0.0,0.0,0.0,0.0,0.0,0.0,0.0,0.0,0.0,0.0,0.0,2.258836922201497,444345.35925925936,479546.7650416034,3359243.0,11.0,119972705.0,445995.185873606,479672.30046193313,3359243.0,11.0,0.0,0.0,0.0,0.0,0.0,0,0,0,0,0,0,2.2505017306066577,0.0083351915948394,0.0,0.0,0.0,0.0,0.0,0,0,0,0,0,0,0,0,0.0,0.0,0.0,0.0,0,0,0,0,0,0,270,0,1,0,-1,-1,0,0,0.0,0.0,0.0,0.0,0.0,0.0,0.0,0.0,1
424,0,2,0.0,1027.0,0.0,0.0,0.0,0.0,1010.0,17.0,513.5,702.1570337182417,2422169.8113207547,4716.981132075472,424.0,0.0,424.0,424.0,0.0,0.0,0.0,0.0,0.0,424.0,424.0,0.0,424.0,424.0,0,1,0,0,0,64,0.0,4716.981132075472,17.0,1010.0,679.0,573.3088173052984,328683.0,0,0,0,1,1,0,0,0,0.0,1018.5,0.0,513.5,0,0,0,0,0,0,0,0,2,1027,-1,243,0,0,0.0,0.0,0.0,0.0,0.0,0.0,0.0,0.0,4
118059035,65,69,1176.0,2062.0,27.0,15.0,18.092307692307692,1.756444178972436,292.0,17.0,29.88405797101449,53.813276360973155,27.42695635281112,1.1350253709934188,887661.9172932326,975944.6573975256,2000974.0,189.0,117219493.0,1831554.578125,493673.6776771307,2001607.0,17710.0,118059035.0,1736162.2794117646,618535.0539751607,2001798.0,352.0,0,1,0,0,2080,2208,0.5505720083177031,0.5844533626757156,15.0,292.0,24.11851851851851,38.80761039608733,1506.0306246545056,0,0,0,1,1,0,0,0,1.0,24.298507462686572,18.092307692307692,29.88405797101449,0,0,0,0,0,0,65,1176,69,2062,-1,227,65,0,0.0,0.0,0.0,0.0,0.0,0.0,0.0,0.0,10
73,0,2,0.0,1027.0,0.0,0.0,0.0,0.0,1010.0,17.0,513.5,702.1570337182417,14068493.150684932,27397.260273972603,73.0,0.0,73.0,73.0,0.0,0.0,0.0,0.0,0.0,73.0,73.0,0.0,73.0,73.0,0,1,0,0,0,64,0.0,27397.260273972603,17.0,1010.0,679.0,573.3088173052984,328683.0,0,0,0,1,1,0,0,0,0.0,1018.5,0.0,513.5,0,0,0,0,0,0,0,0,2,1027,-1,243,0,0,0.0,0.0,0.0,0.0,0.0,0.0,0.0,0.0,3
118051419,65,69,1176.0,2062.0,27.0,15.0,18.09230769230769,1.756444178972436,292.0,17.0,29.88405797101449,53.813276360973155,27.42872578261852,1.1350985963158986,887604.6541353381,973413.5636435696,2001597.0,178.0,116049792.0,1813278.0,498629.4649276789,2001814.0,17123.0,118051419.0,1736050.2794117646,610583.9854794468,2001837.0,313.0,0,1,0,0,2080,2208,0.5506075280636822,0.5844910682522164,15.0,292.0,24.11851851851852,38.80761039608733,1506.0306246545056,0,0,0,1,1,0,0,0,1.0,24.298507462686572,18.092307692307692,29.88405797101449,0,0,0,0,0,0,65,1176,69,2062,-1,227,65,0,0.0,0.0,0.0,0.0,0.0,0.0,0.0,0.0,1
118059739,65,69,1176.0,2062.0,27.0,15.0,18.092307692307692,1.7564441789724357,292.0,17.0,29.88405797101449,53.813276360973155,27.4267928035992,1.135018602743142,887667.2105263155,982195.7782469838,2000836.0,519.0,117774541.0,1840227.203125,499367.1547342403,2001820.0,10990.0,118059739.0,1736172.632352941,639265.2444425134,2001552.0,748.0,0,1,0,0,2080,2208,0.5505687252112255,0.5844498775319164,15.0,292.0,24.118518518518503,38.80761039608732,1506.0306246545044,0,0,0,1,1,0,0,0,1.0,24.298507462686572,18.092307692307692,29.88405797101449,0,0,0,0,0,0,65,1176,69,2062,-1,227,65,0,0.0,0.0,0.0,0.0,0.0,0.0,0.0,0.0,10
216,0,2,0.0,1027.0,0.0,0.0,0.0,0.0,1010.0,17.0,513.5,702.1570337182417,4754629.62962963,9259.25925925926,216.0,0.0,216.0,216.0,0.0,0.0,0.0,0.0,0.0,216.0,216.0,0.0,216.0,216.0,0,1,0,0,0,64,0.0,9259.25925925926,17.0,1010.0,679.0,573.3088173052984,328683.0,0,0,0,1,1,0,0,0,0.0,1018.5,0.0,513.5,0,0,0,0,0,0,0,0,2,1027,-1,243,0,0,0.0,0.0,0.0,0.0,0.0,0.0,0.0,0.0,4
95755664,5,2,117.0,478.0,27.0,18.0,23.4,4.929503017546495,292.0,186.0,239.0,74.95331880577403,6.213731649336169,0.0731027252863078,15959277.333333332,12240177.909461228,39167913.0,4604611.0,95755664.0,23938916.0,10888738.993829573,39167913.0,14692231.0,9893436.0,9893436.0,0.0,9893436.0,9893436.0,1,0,0,0,160,64,0.0522162323473627,0.0208864929389451,18.0,292.0,77.75,103.55364379323956,10723.357142857143,0,0,0,7,7,0,0,0,0.0,88.85714285714286,23.4,239.0,0,0,0,0,0,0,0,16,0,68,1444,425,4,32,0.0,0.0,0.0,0.0,1589807822904023.5,29338259.70292585,1589807864427271.0,1589807793257274.0,6
44,0,2,0.0,1027.0,0.0,0.0,0.0,0.0,1010.0,17.0,513.5,702.1570337182417,23340909.09090909,45454.545454545456,44.0,0.0,44.0,44.0,0.0,0.0,0.0,0.0,0.0,44.0,44.0,0.0,44.0,44.0,0,1,0,0,0,64,0.0,45454.545454545456,17.0,1010.0,348.0,573.3088173052984,328683.0,0,0,0,1,1,0,0,0,0.0,522.0,0.0,513.5,0,0,0,0,0,0,0,0,2,1027,-1,229,0,0,0.0,0.0,0.0,0.0,0.0,0.0,0.0,0.0,3
119343545,188,0,0.0,0.0,0.0,0.0,0.0,0.0,0.0,0.0,0.0,0.0,0.0,1.5752841932087738,638200.7754010692,913180.5221549376,5940949.0,9.0,119343545.0,638200.7754010692,913180.5221549376,5940949.0,9.0,0.0,0.0,0.0,0.0,0.0,0,0,0,0,0,0,1.5752841932087738,0.0,0.0,0.0,0.0,0.0,0.0,0,0,0,0,0,0,0,0,0.0,0.0,0.0,0.0,0,0,0,0,0,0,1,0,0,0,0,0,0,0,0.0,0.0,0.0,0.0,1589802591462247.8,34317300.8635086,1589802648407156.0,1589802529310932.0,7
118432216,61,65,1116.0,1994.0,27.0,18.0,18.29508196721312,1.6160060055074257,292.0,17.0,30.67692307692307,55.37009224648823,26.25974675674396,1.0638997078294978,947457.728,1001316.6033689652,2084124.0,225.0,116431068.0,1940517.8,336454.03682523,2084409.0,120909.0,118432216.0,1850503.375,526408.819606439,2084443.0,307.0,0,1,0,0,1952,2080,0.5150625569650744,0.5488371508644236,17.0,292.0,24.62992125984252,39.96423066360009,1597.1397325334335,0,0,0,1,1,0,0,0,1.0,24.825396825396822,18.295081967213115,30.67692307692308,0,0,0,0,0,0,61,1116,65,1994,-1,227,61,0,0.0,0.0,0.0,0.0,0.0,0.0,0.0,0.0,5
118592380,62,65,1134.0,1994.0,27.0,18.0,18.290322580645164,1.6031433955497771,292.0,17.0,30.67692307692308,55.37009224648825,26.376062273140988,1.0708951114734353,941209.3650793649,999310.1451491314,2078398.0,185.0,116591065.0,1911328.934426229,401543.418383777,2078716.0,113032.0,118592380.0,1853005.9375,524363.9268541164,2204073.0,327.0,0,1,0,0,1984,2080,0.52279918827837,0.5480959231950653,17.0,292.0,24.57812500000001,39.81089341187873,1584.9072342519696,0,0,0,1,1,0,0,0,1.0,24.771653543307085,18.29032258064516,30.67692307692308,0,0,0,0,0,0,62,1134,65,1994,-1,227,62,0,0.0,0.0,0.0,0.0,0.0,0.0,0.0,0.0,5
118364834,61,65,1107.0,2003.0,27.0,18.0,18.147540983606557,1.152331919396064,292.0,17.0,30.81538461538461,55.349145292546154,26.27469574282511,1.0645053580694417,946918.672,1000096.7507409432,2203916.0,333.0,118338063.0,1972301.05,221257.93243582733,2204749.0,333260.0,118364834.0,1849450.53125,525210.7772624263,2204843.0,333.0,0,1,0,0,1952,2080,0.5153557685891741,0.5491495894802674,17.0,292.0,24.700787401574804,39.96036031119432,1596.8303962004743,0,0,0,1,1,0,0,0,1.0,24.896825396825395,18.147540983606557,30.81538461538461,0,0,0,0,0,0,61,1107,65,2003,-1,227,61,0,0.0,0.0,0.0,0.0,0.0,0.0,0.0,0.0,5
118647686,66,70,1191.0,2079.0,27.0,15.0,18.04545454545455,1.7839611774131972,292.0,17.0,29.7,53.44409241902003,27.56058807586016,1.1462507578951011,878871.7481481482,970609.1582889884,2002619.0,454.0,118000641.0,1815394.476923077,505646.644216749,2003313.0,9918.0,118647686.0,1719531.6811594204,626303.391712024,2003333.0,824.0,0,1,0,0,2112,2240,0.5562687501549757,0.5899820077401257,15.0,292.0,23.99999999999999,38.53378960310639,1484.8529411764707,0,0,0,1,1,0,0,0,1.0,24.176470588235286,18.045454545454547,29.7,0,0,0,0,0,0,66,1191,70,2079,-1,227,66,0,0.0,0.0,0.0,0.0,0.0,0.0,0.0,0.0,1
119402953,65,69,1176.0,2062.0,27.0,15.0,18.092307692307692,1.7564441789724352,292.0,17.0,29.88405797101449,53.813276360973155,27.118257284641864,1.1222503014644871,897766.5639097745,973263.0737634556,2000635.0,596.0,117400996.0,1834390.5625,458814.14937651093,2001736.0,15991.0,119402953.0,1755925.7794117646,583470.4031260072,2001728.0,596.0,0,1,0,0,2080,2208,0.5443751462327737,0.5778751552317136,15.0,292.0,24.118518518518513,38.80761039608733,1506.0306246545051,0,0,0,1,1,0,0,0,1.0,24.298507462686572,18.092307692307692,29.88405797101449,0,0,0,0,0,0,65,1176,69,2062,-1,227,65,0,0.0,0.0,0.0,0.0,0.0,0.0,0.0,0.0,4
118659221,62,65,1134.0,1994.0,27.0,18.0,18.290322580645164,1.6031433955497776,292.0,17.0,30.67692307692307,55.37009224648825,26.36120457928845,1.0702918739033354,941739.8492063492,994401.6670324972,2075365.0,194.0,116658880.0,1912440.6557377048,372491.3484266842,2075752.0,133308.0,118659221.0,1854050.328125,503577.3883293144,2203499.0,194.0,0,1,0,0,1984,2080,0.5225046943465101,0.5477871795568252,17.0,292.0,24.57812500000001,39.81089341187872,1584.907234251969,0,0,0,1,1,0,0,0,1.0,24.771653543307085,18.29032258064516,30.67692307692308,0,0,0,0,0,0,62,1134,65,1994,-1,227,62,0,0.0,0.0,0.0,0.0,0.0,0.0,0.0,0.0,9
118058070,65,69,1176.0,2062.0,27.0,15.0,18.09230769230769,1.756444178972436,292.0,17.0,29.88405797101449,53.813276360973155,27.42718053920413,1.1350346486267309,887654.6616541357,977660.8352037072,2001424.0,171.0,116057236.0,1813394.3125,515274.320190677,2001689.0,29808.0,118058070.0,1736148.088235294,623726.2296379082,2001738.0,252.0,0,1,0,0,2080,2208,0.5505765086622202,0.5844581399645107,15.0,292.0,24.118518518518513,38.80761039608732,1506.0306246545051,0,0,0,1,1,0,0,0,1.0,24.298507462686572,18.092307692307692,29.88405797101449,0,0,0,0,0,0,65,1176,69,2062,-1,227,65,0,0.0,0.0,0.0,0.0,0.0,0.0,0.0,0.0,0
146,0,2,0.0,1027.0,0.0,0.0,0.0,0.0,1010.0,17.0,513.5,702.1570337182417,7034246.575342466,13698.6301369863,146.0,0.0,146.0,146.0,0.0,0.0,0.0,0.0,0.0,146.0,146.0,0.0,146.0,146.0,0,1,0,0,0,64,0.0,13698.6301369863,17.0,1010.0,348.0,573.3088173052984,328683.0,0,0,0,1,1,0,0,0,0.0,522.0,0.0,513.5,0,0,0,0,0,0,0,0,2,1027,-1,229,0,0,0.0,0.0,0.0,0.0,0.0,0.0,0.0,0.0,0
118074014,65,69,1176.0,2062.0,27.0,15.0,18.09230769230769,1.756444178972436,292.0,17.0,29.88405797101449,53.813276360973155,27.42347693879536,1.134881380419573,887774.541353383,975202.114159376,2001823.0,601.0,116071730.0,1813620.78125,509696.4142831438,2002699.0,17317.0,118074014.0,1736382.5588235287,617633.6352868528,2002737.0,875.0,0,1,0,0,2080,2208,0.5505021621438227,0.5843792182757503,15.0,292.0,24.118518518518524,38.80761039608733,1506.0306246545051,0,0,0,1,1,0,0,0,1.0,24.298507462686572,18.092307692307692,29.88405797101449,0,0,0,0,0,0,65,1176,69,2062,-1,227,65,0,0.0,0.0,0.0,0.0,0.0,0.0,0.0,0.0,1
118053642,65,69,1212.0,2062.0,27.0,18.0,18.646153846153844,2.087393479548486,292.0,17.0,29.88405797101449,53.813276360973155,27.73315540743758,1.1350772219293328,887621.3684210528,970656.473163094,2000823.0,256.0,116051758.0,1813308.71875,488519.6320848655,2001552.0,30815.0,118053642.0,1736082.9705882354,603147.6381303156,2001612.0,256.0,0,1,0,0,2080,2208,0.5505971598910943,0.5844800620382385,17.0,292.0,24.38518518518518,38.774700396310735,1503.47739082366,0,0,0,1,1,0,0,0,1.0,24.56716417910448,18.646153846153847,29.88405797101449,0,0,0,0,0,0,65,1212,69,2062,-1,227,65,0,0.0,0.0,0.0,0.0,0.0,0.0,0.0,0.0,9
119970251,65,69,1212.0,2062.0,27.0,18.0,18.646153846153844,2.0873934795484868,292.0,17.0,29.8840579710145,53.813276360973155,27.29009877623745,1.1169435662846117,902031.9624060153,967636.6924066612,2001148.0,89.0,118000663.0,1843760.359375,406672.0612372629,2001816.0,30770.0,119970251.0,1764268.3970588231,549107.0181210537,2001553.0,138.0,0,1,0,0,2080,2208,0.5418009836455205,0.5751425826390911,17.0,292.0,24.385185185185183,38.77470039631073,1503.477390823659,0,0,0,1,1,0,0,0,1.0,24.56716417910448,18.646153846153847,29.88405797101449,0,0,0,0,0,0,65,1212,69,2062,-1,227,65,0,0.0,0.0,0.0,0.0,0.0,0.0,0.0,0.0,7
119915830,223,1,0.0,0.0,0.0,0.0,0.0,0.0,0.0,0.0,0.0,0.0,0.0,1.867976896795027,537739.147982063,684818.4196223642,4863668.0,15.0,118268523.0,532741.0945945948,682277.4112555332,4863668.0,15.0,0.0,0.0,0.0,0.0,0.0,0,0,0,0,0,0,1.859637714220049,0.0083391825749777,0.0,0.0,0.0,0.0,0.0,0,0,0,0,0,0,0,0,0.0,0.0,0.0,0.0,0,0,0,0,0,0,223,0,1,0,-1,-1,0,0,0.0,0.0,0.0,0.0,0.0,0.0,0.0,0.0,9
119935712,263,1,0.0,0.0,0.0,0.0,0.0,0.0,0.0,0.0,0.0,0.0,0.0,2.2011792450942385,456029.3231939164,526026.5274285654,3180078.0,9.0,118572063.0,452565.12595419853,524018.901303677,3180078.0,9.0,0.0,0.0,0.0,0.0,0.0,0,0,0,0,0,0,2.1928414449234266,0.0083378001708115,0.0,0.0,0.0,0.0,0.0,0,0,0,0,0,0,0,0,0.0,0.0,0.0,0.0,0,0,0,0,0,0,263,0,1,0,-1,-1,0,0,0.0,0.0,0.0,0.0,0.0,0.0,0.0,0.0,0
118059236,65,69,1212.0,2062.0,27.0,18.0,18.646153846153844,2.0873934795484863,292.0,17.0,29.88405797101449,53.813276360973155,27.73184132751799,1.1350234385728195,887663.4285714288,973571.5218862912,2001256.0,189.0,117567797.0,1836996.828125,472516.7235429153,2001493.0,12904.0,118059236.0,1736165.2352941176,610957.0109271832,2001622.0,278.0,0,1,0,0,2080,2208,0.5505710709495021,0.5844523676233175,17.0,292.0,24.385185185185183,38.774700396310735,1503.477390823659,0,0,0,1,1,0,0,0,1.0,24.56716417910448,18.646153846153847,29.88405797101449,0,0,0,0,0,0,65,1212,69,2062,-1,227,65,0,0.0,0.0,0.0,0.0,0.0,0.0,0.0,0.0,2
118639506,61,65,1116.0,1994.0,27.0,18.0,18.29508196721312,1.6160060055074252,292.0,17.0,30.67692307692308,55.37009224648825,26.213865050989003,1.06204083486322,949116.048,994371.9814750468,2278774.0,162.0,116638017.0,1943966.95,277324.78055665,2279048.0,477948.0,118639506.0,1853742.28125,493697.053077311,2279095.0,332.0,0,1,0,0,1952,2080,0.5141626264020351,0.5478782084611851,17.0,292.0,24.62992125984252,39.96423066360009,1597.1397325334335,0,0,0,1,1,0,0,0,1.0,24.825396825396822,18.295081967213115,30.67692307692308,0,0,0,0,0,0,61,1116,65,1994,-1,227,61,0,0.0,0.0,0.0,0.0,0.0,0.0,0.0,0.0,5
437,0,2,0.0,1027.0,0.0,0.0,0.0,0.0,1010.0,17.0,513.5,702.1570337182417,2350114.4164759726,4576.659038901602,437.0,0.0,437.0,437.0,0.0,0.0,0.0,0.0,0.0,437.0,437.0,0.0,437.0,437.0,0,1,0,0,0,64,0.0,4576.659038901602,17.0,1010.0,679.0,573.3088173052984,328683.0,0,0,0,1,1,0,0,0,0.0,1018.5,0.0,513.5,0,0,0,0,0,0,0,0,2,1027,-1,243,0,0,0.0,0.0,0.0,0.0,0.0,0.0,0.0,0.0,3
105297326,4,6,81.0,1017.0,27.0,18.0,20.25,4.5,478.0,17.0,169.5,188.29206037430248,10.427615227380038,0.0949691732912571,11699702.888888888,17426773.544985045,50002142.0,21640.0,73297259.0,24432419.666666664,22617394.45089399,50002142.0,7044461.0,96245546.0,19249109.2,39621136.03881795,90075173.0,21640.0,0,1,0,0,128,192,0.0379876693165028,0.0569815039747543,17.0,478.0,102.27272727272728,153.95589687250757,23702.418181818182,0,0,0,1,1,0,0,0,1.0,112.5,20.25,169.5,0,0,0,0,0,0,4,81,6,1017,-1,850,4,0,8177692.0,0.0,8177692.0,8177692.0,24279908.5,20663654.436755866,50002142.0,7044461.0,0
118061923,61,65,1116.0,1994.0,27.0,18.0,18.29508196721312,1.6160060055074257,292.0,17.0,30.67692307692308,55.37009224648823,26.34210862379398,1.0672365551762188,944495.3840000002,1000683.7696889242,2002147.0,106.0,116060754.0,1934345.9,357702.0681713925,2002452.0,19784.0,118061923.0,1844717.546875,533877.1580262525,2002358.0,379.0,0,1,0,0,1952,2080,0.5166780148075345,0.5505585403686843,17.0,292.0,24.62992125984252,39.96423066360008,1597.1397325334333,0,0,0,1,1,0,0,0,1.0,24.825396825396822,18.295081967213115,30.67692307692308,0,0,0,0,0,0,61,1116,65,1994,-1,227,61,0,0.0,0.0,0.0,0.0,0.0,0.0,0.0,0.0,7
119882020,222,1,0.0,0.0,0.0,0.0,0.0,0.0,0.0,0.0,0.0,0.0,0.0,1.8601621827860424,540009.0990990993,635630.1274637642,4138325.0,16.0,119807227.0,542114.1493212671,636297.0479248671,4138325.0,16.0,0.0,0.0,0.0,0.0,0.0,0,0,0,0,0,0,1.8518206483340869,0.0083415344519553,0.0,0.0,0.0,0.0,0.0,0,0,0,0,0,0,0,0,0.0,0.0,0.0,0.0,0,0,0,0,0,0,222,0,1,0,-1,-1,0,0,0.0,0.0,0.0,0.0,0.0,0.0,0.0,0.0,0
119134999,255,1,0.0,0.0,0.0,0.0,0.0,0.0,0.0,0.0,0.0,0.0,0.0,2.148822782128029,467196.0745098039,627556.2650521178,5944895.0,10.0,119123079.0,468988.5,628140.9032354164,5944895.0,10.0,0.0,0.0,0.0,0.0,0.0,0,0,0,0,0,0,2.140428943135342,0.0083938389926876,0.0,0.0,0.0,0.0,0.0,0,0,0,0,0,0,0,0,0.0,0.0,0.0,0.0,0,0,0,0,0,0,255,0,1,0,-1,-1,0,0,14087523.0,0.0,14087523.0,14087523.0,5944895.0,0.0,5944895.0,5944895.0,5
357,0,2,0.0,1027.0,0.0,0.0,0.0,0.0,1010.0,17.0,513.5,702.1570337182417,2876750.7002801117,5602.240896358542,357.0,0.0,357.0,357.0,0.0,0.0,0.0,0.0,0.0,357.0,357.0,0.0,357.0,357.0,0,1,0,0,0,64,0.0,5602.240896358542,17.0,1010.0,679.0,573.3088173052984,328683.0,0,0,0,1,1,0,0,0,0.0,1018.5,0.0,513.5,0,0,0,0,0,0,0,0,2,1027,-1,243,0,0,0.0,0.0,0.0,0.0,0.0,0.0,0.0,0.0,1
119460705,236,1,0.0,0.0,0.0,0.0,0.0,0.0,0.0,0.0,0.0,0.0,0.0,1.9839159663422377,506189.4279661014,586117.4575750183,3400911.0,4.0,118858316.0,505780.0680851063,587334.700038912,3400911.0,4.0,0.0,0.0,0.0,0.0,0.0,0,0,0,0,0,0,1.975545012897756,0.008370953444482,0.0,0.0,0.0,0.0,0.0,0,0,0,0,0,0,0,0,0.0,0.0,0.0,0.0,0,0,0,0,0,0,236,0,1,0,-1,-1,0,0,0.0,0.0,0.0,0.0,0.0,0.0,0.0,0.0,8
114222162,9,13,198.0,2024.0,27.0,18.0,22.0,4.743416490252568,478.0,17.0,155.69230769230768,151.41465396683847,19.453317649511835,0.1926071054407112,5439150.571428571,8417633.922516663,27893365.0,256.0,107843881.0,13480485.125,9153937.124760306,27910225.0,2001196.0,114222162.0,9518513.5,9924957.064157335,27893845.0,462.0,0,1,0,0,288,416,0.0787938158621091,0.1138132895786021,17.0,478.0,97.7826086956522,130.66089229261968,17072.26877470356,0,0,0,1,1,0,0,0,1.0,102.22727272727272,22.0,155.69230769230768,0,0,0,0,0,0,9,198,13,2024,-1,352,9,0,563284.1428571428,808038.8052714276,2001590.0,293.0,13784896.625,8553056.895827077,27893365.0,5040463.0,2
118158362,61,65,1116.0,1994.0,27.0,18.0,18.29508196721312,1.6160060055074257,292.0,17.0,30.67692307692307,55.37009224648825,26.320608608301463,1.0663654934553004,945266.896,991513.75032578,2077191.0,186.0,116157043.0,1935950.7166666663,285083.1885436363,2077505.0,430992.0,118158362.0,1846224.40625,496392.9637468243,2077534.0,263.0,0,1,0,0,1952,2080,0.5162563103235978,0.5501091831317025,17.0,292.0,24.62992125984252,39.96423066360009,1597.1397325334335,0,0,0,1,1,0,0,0,1.0,24.825396825396822,18.295081967213115,30.67692307692308,0,0,0,0,0,0,61,1116,65,1994,-1,227,61,0,0.0,0.0,0.0,0.0,0.0,0.0,0.0,0.0,5
118400371,61,65,1116.0,1994.0,27.0,18.0,18.29508196721312,1.6160060055074257,292.0,17.0,30.676923076923085,55.37009224648823,26.26680958626388,1.064185854620337,947202.968,989925.9764694364,2078393.0,239.0,116400002.0,1940000.0333333327,257892.04291915605,2078753.0,725980.0,118400371.0,1850005.796875,483006.035260239,2078651.0,239.0,0,1,0,0,1952,2080,0.5152010883479411,0.5489847662723962,17.0,292.0,24.62992125984253,39.96423066360009,1597.1397325334335,0,0,0,1,1,0,0,0,1.0,24.825396825396822,18.295081967213115,30.67692307692308,0,0,0,0,0,0,61,1116,65,1994,-1,227,61,0,0.0,0.0,0.0,0.0,0.0,0.0,0.0,0.0,9
118056963,64,68,1188.0,2045.0,27.0,18.0,18.5625,1.9910514092523368,292.0,17.0,30.073529411764717,54.1901891700214,27.385085282940913,1.118104317150696,901198.1908396948,984359.2586228332,2001342.0,94.0,116056104.0,1842160.3809523808,488185.4758964461,2001572.0,14750.0,118056963.0,1762044.2238805972,608019.5452980014,2001486.0,284.0,0,1,0,0,2048,2176,0.5421111840730648,0.5759931330776313,17.0,292.0,24.44360902255639,39.061996863927654,1525.839598997493,0,0,0,1,1,0,0,0,1.0,24.62878787878788,18.5625,30.073529411764717,0,0,0,0,0,0,64,1188,68,2045,-1,227,64,0,0.0,0.0,0.0,0.0,0.0,0.0,0.0,0.0,2
20440279,11,13,187.0,230.0,17.0,17.0,17.0,0.0,18.0,15.0,17.69230769230769,0.8548504142651102,20.40089570205965,1.1741522706221377,888707.7826086957,1000506.7548674318,2000501.0,219.0,20010174.0,2001017.4,270.02682994266416,2001473.0,2000701.0,20439442.0,1703286.833333333,701302.0238120512,2001183.0,219.0,0,1,0,0,352,416,0.5381531240351465,0.6359991465869913,15.0,18.0,17.359999999999996,0.7000000000000004,0.4900000000000005,0,0,0,1,1,0,0,0,1.0,18.08333333333333,17.0,17.69230769230769,0,0,0,0,0,0,11,187,13,230,-1,229,11,0,0.0,0.0,0.0,0.0,0.0,0.0,0.0,0.0,7
61999812,1,1,27.0,27.0,27.0,27.0,27.0,0.0,27.0,27.0,27.0,0.0,0.8709703829424515,0.0322581623312019,61999812.0,0.0,61999812.0,61999812.0,0.0,0.0,0.0,0.0,0.0,0.0,0.0,0.0,0.0,0.0,0,1,0,0,32,32,0.0161290811656009,0.0161290811656009,27.0,27.0,27.0,0.0,0.0,0,0,0,1,1,0,0,0,1.0,40.5,27.0,27.0,0,0,0,0,0,0,1,27,1,27,-1,1361,1,0,0.0,0.0,0.0,0.0,61999812.0,0.0,61999812.0,61999812.0,7
119801720,65,69,1212.0,2062.0,27.0,18.0,18.646153846153844,2.0873934795484863,292.0,17.0,29.8840579710145,53.813276360973155,27.32848910683419,1.1185148259974895,900764.8120300748,977041.9687948504,2000862.0,429.0,117799484.0,1840616.9375,462285.0471379421,2001202.0,34027.0,119801720.0,1761790.0,586812.6574934605,2001620.0,429.0,0,1,0,0,2080,2208,0.542563161864454,0.5759516641330358,17.0,292.0,24.385185185185183,38.77470039631073,1503.477390823659,0,0,0,1,1,0,0,0,1.0,24.56716417910448,18.646153846153847,29.88405797101449,0,0,0,0,0,0,65,1212,69,2062,-1,227,65,0,0.0,0.0,0.0,0.0,0.0,0.0,0.0,0.0,5
118149615,61,65,1116.0,1994.0,27.0,18.0,18.29508196721312,1.6160060055074257,292.0,17.0,30.67692307692308,55.37009224648823,26.32255720850212,1.0664444399586068,945196.92,992324.0721862084,2069283.0,399.0,116147922.0,1935798.7,294449.8584375758,2069905.0,361121.0,118149615.0,1846087.734375,501414.5981317524,2069920.0,399.0,0,1,0,0,1952,2080,0.5162945304561509,0.5501499095024559,17.0,292.0,24.62992125984253,39.96423066360009,1597.1397325334335,0,0,0,1,1,0,0,0,1.0,24.825396825396822,18.295081967213115,30.67692307692308,0,0,0,0,0,0,61,1116,65,1994,-1,227,61,0,0.0,0.0,0.0,0.0,0.0,0.0,0.0,0.0,9
132,0,2,0.0,1027.0,0.0,0.0,0.0,0.0,1010.0,17.0,513.5,702.1570337182417,7780303.030303028,15151.515151515148,132.0,0.0,132.0,132.0,0.0,0.0,0.0,0.0,0.0,132.0,132.0,0.0,132.0,132.0,0,1,0,0,0,64,0.0,15151.515151515148,17.0,1010.0,679.0,573.3088173052984,328683.0,0,0,0,1,1,0,0,0,0.0,1018.5,0.0,513.5,0,0,0,0,0,0,0,0,2,1027,-1,243,0,0,0.0,0.0,0.0,0.0,0.0,0.0,0.0,0.0,4
190,0,2,0.0,1027.0,0.0,0.0,0.0,0.0,1010.0,17.0,513.5,702.1570337182417,5405263.157894736,10526.315789473683,190.0,0.0,190.0,190.0,0.0,0.0,0.0,0.0,0.0,190.0,190.0,0.0,190.0,190.0,0,1,0,0,0,64,0.0,10526.315789473683,17.0,1010.0,348.0,573.3088173052984,328683.0,0,0,0,1,1,0,0,0,0.0,522.0,0.0,513.5,0,0,0,0,0,0,0,0,2,1027,-1,229,0,0,0.0,0.0,0.0,0.0,0.0,0.0,0.0,0.0,7
25438245,14,15,682.0,275.0,292.0,17.0,48.714285714285715,83.25348555551807,27.0,15.0,18.333333333333336,2.5260547066428267,37.620519811803064,1.14001575187282,908508.75,998105.4256795024,2000416.0,114.0,23462294.0,1804791.8461538465,563051.564736133,2001342.0,342.0,25436898.0,1816921.2857142847,542944.7327198412,2001134.0,114.0,0,1,0,0,448,480,0.5503524319386027,0.5896633199342172,15.0,292.0,32.46666666666666,57.87187592422166,3349.154022988506,0,0,0,1,1,0,0,0,1.0,33.586206896551715,48.714285714285715,18.33333333333333,0,0,0,0,0,0,14,682,15,275,-1,229,14,0,0.0,0.0,0.0,0.0,0.0,0.0,0.0,0.0,7
118057148,65,69,1176.0,2062.0,27.0,15.0,18.092307692307692,1.7564441789724352,292.0,17.0,29.88405797101449,53.813276360973155,27.42739473936809,1.1350435129942322,887647.7293233081,987068.1978917464,2001338.0,203.0,116062921.0,1813483.140625,553763.5180334843,2001607.0,7205.0,118057148.0,1736134.5294117646,652302.2785670806,2001700.0,399.0,0,1,0,0,2080,2208,0.5505808085419783,0.5844627044522539,15.0,292.0,24.11851851851851,38.80761039608732,1506.0306246545051,0,0,0,1,1,0,0,0,1.0,24.298507462686572,18.092307692307692,29.88405797101449,0,0,0,0,0,0,65,1176,69,2062,-1,227,65,0,0.0,0.0,0.0,0.0,0.0,0.0,0.0,0.0,1
119190222,61,65,1107.0,2003.0,27.0,18.0,18.147540983606557,1.152331919396064,292.0,17.0,30.81538461538461,55.349145292546154,26.092744419923967,1.0571336967557623,953521.7759999998,993987.548084164,2072465.0,192.0,118397829.0,1973297.15,183008.9943073397,2072757.0,988081.0,119190222.0,1862347.21875,475800.7328589294,2072731.0,306.0,0,1,0,0,1952,2080,0.511786948429377,0.5453467483263853,17.0,292.0,24.700787401574804,39.96036031119432,1596.8303962004743,0,0,0,1,1,0,0,0,1.0,24.896825396825395,18.147540983606557,30.81538461538461,0,0,0,0,0,0,61,1107,65,2003,-1,227,61,0,0.0,0.0,0.0,0.0,0.0,0.0,0.0,0.0,5
114255357,5,5,90.0,529.0,18.0,18.0,18.0,0.0,292.0,17.0,105.8,127.2387519586702,5.417689080434102,0.0875232484722795,12695039.666666664,12366201.698084652,31668259.0,393928.0,72379637.0,18094909.25,10052543.104096243,31006109.0,9001066.0,103507798.0,25876949.5,17292062.83821863,38904071.0,393928.0,0,1,0,0,160,160,0.0437616242361397,0.0437616242361397,17.0,292.0,82.81818181818181,114.96244446063088,13216.363636363638,0,0,0,1,1,0,0,0,1.0,91.1,18.0,105.8,0,0,0,0,0,0,5,90,5,529,-1,539,5,0,911012.6666666664,710451.9850632647,1721107.0,393928.0,18587053.166666668,10931507.269725002,31668259.0,7279959.0,6
44152530,6,2,161.0,17.0,63.0,0.0,26.833333333333336,22.850966427411045,17.0,0.0,8.5,12.020815280171304,4.031479056806031,0.1811900699688104,6307504.285714285,7582411.244358831,21344044.0,463174.0,44152530.0,8830506.0,8637938.233498517,21344044.0,633273.0,463174.0,463174.0,0.0,463174.0,463174.0,1,0,0,0,204,76,0.1358925524766078,0.0452975174922026,0.0,63.0,21.66666666666667,20.260799589354807,410.5,0,0,0,6,8,0,0,0,0.0,24.375,26.83333333333333,8.5,0,0,0,0,0,0,0,20,0,2,312,312,4,32,0.0,0.0,0.0,0.0,1589803759553214.8,13340970.938162131,1589803780652676.0,1589803743459246.0,6
118034575,64,68,1161.0,2045.0,27.0,15.0,18.140625000000004,1.726241789056711,292.0,17.0,30.073529411764717,54.1901891700214,27.16153296608218,1.118316391616609,901027.290076336,979770.9671476408,2000875.0,382.0,116032957.0,1841792.968253968,468011.9743502906,2001514.0,125079.0,118034575.0,1761710.0746268656,594814.0082298025,2001506.0,382.0,0,1,0,0,2048,2176,0.5422140080565376,0.5761023835600713,15.0,292.0,24.240601503759397,39.08734399062583,1527.820460241513,0,0,0,1,1,0,0,0,1.0,24.424242424242426,18.140625,30.073529411764717,0,0,0,0,0,0,64,1161,68,2045,-1,227,64,0,0.0,0.0,0.0,0.0,0.0,0.0,0.0,0.0,1
223,0,2,0.0,1027.0,0.0,0.0,0.0,0.0,1010.0,17.0,513.5,702.1570337182417,4605381.1659192825,8968.609865470851,223.0,0.0,223.0,223.0,0.0,0.0,0.0,0.0,0.0,223.0,223.0,0.0,223.0,223.0,0,1,0,0,0,64,0.0,8968.609865470851,17.0,1010.0,679.0,573.3088173052984,328683.0,0,0,0,1,1,0,0,0,0.0,1018.5,0.0,513.5,0,0,0,0,0,0,0,0,2,1027,-1,243,0,0,0.0,0.0,0.0,0.0,0.0,0.0,0.0,0.0,3
118056153,61,65,1116.0,1994.0,27.0,18.0,18.29508196721312,1.6160060055074257,292.0,17.0,30.67692307692308,55.37009224648823,26.343396095585128,1.0672887164127736,944449.2239999996,1000964.1955425572,2000864.0,165.0,116055059.0,1934250.9833333327,356081.08435158385,2001144.0,27002.0,118056153.0,1844627.390625,535098.824559542,2001220.0,261.0,0,1,0,0,1952,2080,0.5167032674696761,0.5505854489430975,17.0,292.0,24.62992125984252,39.96423066360008,1597.1397325334326,0,0,0,1,1,0,0,0,1.0,24.825396825396822,18.295081967213115,30.67692307692308,0,0,0,0,0,0,61,1116,65,1994,-1,227,61,0,0.0,0.0,0.0,0.0,0.0,0.0,0.0,0.0,9
118657119,62,64,1134.0,1533.0,27.0,18.0,18.290322580645164,1.6031433955497771,292.0,17.0,23.953125,40.05806487472825,22.476527514543815,1.0618831896634875,949256.952,991762.8264300788,2201595.0,176.0,116655891.0,1912391.6557377048,355148.11625399743,2201886.0,169907.0,118657119.0,1883446.333333334,437562.37400744617,2205390.0,224.0,0,1,0,0,1984,2048,0.5225139504693351,0.5393692391941524,17.0,292.0,21.141732283464567,28.48968747131975,811.6622922134732,0,0,0,1,1,0,0,0,1.0,21.30952380952381,18.29032258064516,23.953125,0,0,0,0,0,0,62,1134,64,1533,-1,227,62,0,0.0,0.0,0.0,0.0,0.0,0.0,0.0,0.0,9
118059638,61,65,1116.0,1994.0,27.0,18.0,18.29508196721312,1.6160060055074257,292.0,17.0,30.67692307692308,55.37009224648823,26.342618465423374,1.0672572111393397,944477.104,994442.6780988516,2000443.0,405.0,116058028.0,1934300.4666666668,314637.15780780197,2002007.0,260963.0,118059638.0,1844681.84375,512655.5358500689,2002014.0,405.0,0,1,0,0,1952,2080,0.5166880149166644,0.5505691962226752,17.0,292.0,24.62992125984252,39.96423066360009,1597.1397325334335,0,0,0,1,1,0,0,0,1.0,24.825396825396822,18.295081967213115,30.67692307692308,0,0,0,0,0,0,61,1116,65,1994,-1,227,61,0,0.0,0.0,0.0,0.0,0.0,0.0,0.0,0.0,7
20220605,13,14,665.0,257.0,292.0,17.0,51.153846153846146,86.13056576485702,27.0,15.0,18.35714285714285,2.619663597227201,45.597053104988696,1.335271620211166,777715.5769230769,973248.0878980106,2000356.0,213.0,20010305.0,1667525.4166666665,740493.3948681487,2001322.0,431.0,20219683.0,1555360.230769231,816089.9615190671,2001265.0,213.0,0,1,0,0,416,448,0.6429085578794502,0.6923630623317156,15.0,292.0,33.535714285714285,59.8284474284025,3579.443121693122,0,0,0,1,1,0,0,0,1.0,34.77777777777778,51.153846153846146,18.357142857142858,0,0,0,0,0,0,13,665,14,257,-1,245,13,0,0.0,0.0,0.0,0.0,0.0,0.0,0.0,0.0,7
79079323,4,3,71.0,51.0,18.0,17.0,17.75,0.4999999999999998,17.0,17.0,17.0,0.0,1.5427547350146131,0.0885187143041171,13179887.166666664,21329911.08855106,55464223.0,427323.0,79079323.0,26359774.33333333,31458880.325858586,61999536.0,2455759.0,6107990.0,3053995.0,1439699.1049806206,4072016.0,2035974.0,1,0,0,0,128,96,0.0505821224594955,0.0379365918446216,17.0,18.0,17.375000000000004,0.517549169506765,0.2678571428571422,0,0,0,7,7,0,0,0,0.0,19.857142857142858,17.75,17.0,0,0,0,0,0,0,0,10,0,7,340,340,3,32,0.0,0.0,0.0,0.0,1589805027369097.8,34739557.46119287,1589805073977168.0,1589804999389578.0,0
118063874,64,68,1161.0,2045.0,27.0,15.0,18.140625,1.726241789056711,292.0,17.0,30.073529411764717,54.19018917002141,27.15479249816925,1.1180388676725956,901250.9465648852,978130.584541233,2003344.0,194.0,116063650.0,1842280.1587301588,461225.5584934418,2003620.0,32012.0,118063874.0,1762147.3731343283,587920.7653049454,2003646.0,270.0,0,1,0,0,2048,2176,0.5420794509927737,0.5759594166798221,15.0,292.0,24.240601503759393,39.08734399062583,1527.8204602415133,0,0,0,1,1,0,0,0,1.0,24.424242424242426,18.140625,30.073529411764717,0,0,0,0,0,0,64,1161,68,2045,-1,227,64,0,0.0,0.0,0.0,0.0,0.0,0.0,0.0,0.0,9
124,0,2,0.0,1027.0,0.0,0.0,0.0,0.0,1010.0,17.0,513.5,702.1570337182417,8282258.064516129,16129.032258064515,124.0,0.0,124.0,124.0,0.0,0.0,0.0,0.0,0.0,124.0,124.0,0.0,124.0,124.0,0,1,0,0,0,64,0.0,16129.032258064515,17.0,1010.0,679.0,573.3088173052984,328683.0,0,0,0,1,1,0,0,0,0.0,1018.5,0.0,513.5,0,0,0,0,0,0,0,0,2,1027,-1,243,0,0,0.0,0.0,0.0,0.0,0.0,0.0,0.0,0.0,3
118056805,61,65,1116.0,1994.0,27.0,18.0,18.29508196721312,1.6160060055074257,292.0,17.0,30.67692307692308,55.37009224648823,26.343250607197103,1.0672828220279214,944454.44,988341.396423022,2001318.0,145.0,116055432.0,1934257.2,266881.23391207925,2001609.0,646394.0,118056805.0,1844637.578125,486563.4020268378,2001540.0,374.0,0,1,0,0,1952,2080,0.5167004138389143,0.5505824081890069,17.0,292.0,24.62992125984252,39.96423066360008,1597.1397325334333,0,0,0,1,1,0,0,0,1.0,24.825396825396822,18.295081967213115,30.67692307692308,0,0,0,0,0,0,61,1116,65,1994,-1,227,61,0,0.0,0.0,0.0,0.0,0.0,0.0,0.0,0.0,7
118043021,65,69,1176.0,2062.0,27.0,15.0,18.092307692307692,1.7564441789724357,292.0,17.0,29.88405797101449,53.813276360973155,27.43067715964335,1.1351793512638075,887541.5112781957,987270.2963807205,2001450.0,134.0,116041706.0,1813151.65625,552647.2833369304,2001709.0,5365.0,118043021.0,1735926.7794117646,653128.0504885094,2001735.0,289.0,0,1,0,0,2080,2208,0.5506467002399066,0.5845326510239008,15.0,292.0,24.11851851851851,38.80761039608732,1506.0306246545051,0,0,0,1,1,0,0,0,1.0,24.298507462686572,18.092307692307692,29.88405797101449,0,0,0,0,0,0,65,1176,69,2062,-1,227,65,0,0.0,0.0,0.0,0.0,0.0,0.0,0.0,0.0,3
201,0,2,0.0,1027.0,0.0,0.0,0.0,0.0,1010.0,17.0,513.5,702.1570337182417,5109452.736318408,9950.248756218904,201.0,0.0,201.0,201.0,0.0,0.0,0.0,0.0,0.0,201.0,201.0,0.0,201.0,201.0,0,1,0,0,0,64,0.0,9950.248756218904,17.0,1010.0,679.0,573.3088173052984,328683.0,0,0,0,1,1,0,0,0,0.0,1018.5,0.0,513.5,0,0,0,0,0,0,0,0,2,1027,-1,243,0,0,0.0,0.0,0.0,0.0,0.0,0.0,0.0,0.0,3
101949988,3,8,126.0,590.0,90.0,18.0,42.0,41.569219381653056,292.0,17.0,73.75,105.91202548746362,7.023051341604866,0.1078960401643205,10194998.8,14836368.765182031,44076704.0,10802.0,67166878.0,33583439.0,37536919.042779736,60126049.0,7040829.0,84889758.0,12127108.285714284,27313751.755074445,73970439.0,10802.0,0,1,0,0,96,256,0.0294261927720874,0.0784698473922331,17.0,292.0,61.91666666666666,88.16663802485644,7773.356060606061,0,0,0,1,1,0,0,0,2.0,67.54545454545455,42.0,73.75,0,0,0,0,0,0,3,126,8,590,-1,578,3,0,5459659.5,806504.0743111593,6029944.0,4889375.0,22757667.25,17461454.908006117,44076704.0,7040829.0,6
118244265,61,65,1116.0,1994.0,27.0,18.0,18.29508196721312,1.616006005507426,292.0,17.0,30.67692307692308,55.37009224648825,26.301487010807676,1.0655907920777383,945954.12,988541.8725206448,2087674.0,210.0,116242940.0,1937382.333333333,256869.9693934503,2087941.0,784962.0,118244265.0,1847566.640625,482025.7576311176,2088037.0,290.0,0,1,0,0,1952,2080,0.5158812564820797,0.5497095355956587,17.0,292.0,24.62992125984253,39.96423066360008,1597.1397325334333,0,0,0,1,1,0,0,0,1.0,24.825396825396822,18.295081967213115,30.67692307692308,0,0,0,0,0,0,61,1116,65,1994,-1,227,61,0,0.0,0.0,0.0,0.0,0.0,0.0,0.0,0.0,9
118054283,65,69,1212.0,2062.0,27.0,18.0,18.646153846153847,2.0873934795484868,292.0,17.0,29.88405797101449,53.813276360973155,27.73300482456872,1.135071058794199,887626.1879699251,963809.3212203488,2001528.0,185.0,116053219.0,1813331.546875,454681.7781058766,2001855.0,339743.0,118054283.0,1736092.3970588238,579711.4007102989,2001790.0,265.0,0,1,0,0,2080,2208,0.5505941703106189,0.5844768884835799,17.0,292.0,24.38518518518518,38.77470039631073,1503.477390823659,0,0,0,1,1,0,0,0,1.0,24.56716417910448,18.646153846153847,29.88405797101449,0,0,0,0,0,0,65,1212,69,2062,-1,227,65,0,0.0,0.0,0.0,0.0,0.0,0.0,0.0,0.0,2
269,0,2,0.0,1027.0,0.0,0.0,0.0,0.0,1010.0,17.0,513.5,702.1570337182417,3817843.866171004,7434.944237918216,269.0,0.0,269.0,269.0,0.0,0.0,0.0,0.0,0.0,269.0,269.0,0.0,269.0,269.0,0,1,0,0,0,64,0.0,7434.944237918216,17.0,1010.0,679.0,573.3088173052984,328683.0,0,0,0,1,1,0,0,0,0.0,1018.5,0.0,513.5,0,0,0,0,0,0,0,0,2,1027,-1,227,0,0,0.0,0.0,0.0,0.0,0.0,0.0,0.0,0.0,3
117354825,259,1,0.0,0.0,0.0,0.0,0.0,0.0,0.0,0.0,0.0,0.0,0.0,2.215503282459839,453107.4324324324,602951.1566960902,4614334.0,8.0,117146441.0,454055.9728682173,603929.4268776234,4614334.0,8.0,0.0,0.0,0.0,0.0,0.0,0,0,0,0,0,0,2.20698211598884,0.0085211664709993,0.0,0.0,0.0,0.0,0.0,0,0,0,0,0,0,0,0,0.0,0.0,0.0,0.0,0,0,0,0,0,0,259,0,1,0,-1,-1,0,0,0.0,0.0,0.0,0.0,0.0,0.0,0.0,0.0,5
119014707,61,65,1107.0,2003.0,27.0,18.0,18.147540983606557,1.152331919396064,292.0,17.0,30.81538461538461,55.349145292546154,26.13122426961905,1.0586926874508038,952117.656,994424.8868275177,2100447.0,311.0,118425955.0,1973765.9166666665,186441.9999148453,2101239.0,815970.0,119014707.0,1859604.796875,485012.0593209041,2101279.0,311.0,0,1,0,0,1952,2080,0.5125416978928495,0.5461509895579544,17.0,292.0,24.700787401574804,39.96036031119432,1596.8303962004743,0,0,0,1,1,0,0,0,1.0,24.896825396825395,18.147540983606557,30.81538461538461,0,0,0,0,0,0,61,1107,65,2003,-1,227,61,0,0.0,0.0,0.0,0.0,0.0,0.0,0.0,0.0,5
118054859,65,69,1176.0,2062.0,27.0,15.0,18.092307692307685,1.756444178972436,292.0,17.0,29.88405797101449,53.813276360973155,27.427926537102557,1.135065520683058,887630.5187969924,952332.8883687344,2001206.0,372.0,116052928.0,1813327.0,403302.0876612279,2002144.0,685785.0,118054859.0,1736100.8676470583,542746.9357565289,2001863.0,372.0,0,1,0,0,2080,2208,0.5505914839134237,0.5844740367696344,15.0,292.0,24.11851851851852,38.80761039608733,1506.0306246545056,0,0,0,1,1,0,0,0,1.0,24.298507462686572,18.092307692307692,29.88405797101449,0,0,0,0,0,0,65,1176,69,2062,-1,227,65,0,0.0,0.0,0.0,0.0,0.0,0.0,0.0,0.0,1
73780138,133,1,0.0,0.0,0.0,0.0,0.0,0.0,0.0,0.0,0.0,0.0,0.0,1.816206958029816,554737.879699248,662435.6495585638,4523158.0,12.0,72780092.0,551364.3333333335,663811.3929273837,4523158.0,12.0,0.0,0.0,0.0,0.0,0.0,0,0,0,0,0,0,1.8026531747609364,0.0135537832688792,0.0,0.0,0.0,0.0,0.0,0,0,0,0,0,0,0,0,0.0,0.0,0.0,0.0,0,0,0,0,0,0,133,0,1,0,-1,-1,0,0,0.0,0.0,0.0,0.0,0.0,0.0,0.0,0.0,7
118303915,61,65,1116.0,1994.0,27.0,18.0,18.29508196721312,1.6160060055074257,292.0,17.0,30.67692307692307,55.37009224648825,26.28822554181745,1.065053510697427,946431.3199999996,991449.0441616788,2068957.0,363.0,116302069.0,1938367.8166666664,278681.4611055334,2069852.0,470827.0,118303915.0,1848498.671875,493426.51508776104,2069546.0,363.0,0,1,0,0,1952,2080,0.515621144067802,0.5494323666296249,17.0,292.0,24.62992125984253,39.96423066360008,1597.1397325334333,0,0,0,1,1,0,0,0,1.0,24.825396825396822,18.295081967213115,30.67692307692308,0,0,0,0,0,0,61,1116,65,1994,-1,227,61,0,0.0,0.0,0.0,0.0,0.0,0.0,0.0,0.0,9
113353420,14,21,279.0,2167.0,45.0,18.0,19.928571428571427,7.216053531635457,495.0,17.0,103.1904761904762,138.75107893188402,21.578528464337467,0.3087688046818526,3333924.117647059,5433193.504091225,20652018.0,22.0,113352623.0,8719432.538461538,10544098.304075204,31963430.0,2000974.0,113353420.0,5667671.000000001,6939070.028030126,20802110.0,573.0,0,1,0,0,448,672,0.123507521872741,0.1852612828091115,17.0,495.0,76.05555555555559,118.55220536466368,14054.625396825397,0,0,0,1,1,0,0,0,1.0,78.22857142857143,19.928571428571427,103.1904761904762,0,0,0,0,0,0,14,279,21,2167,-1,962,14,0,2443260.714285714,5163077.6964928815,14042517.0,293.0,12031293.625,4803320.466337069,20652018.0,7200342.0,5
118064334,65,69,1176.0,2062.0,27.0,15.0,18.09230769230769,1.7564441789724352,292.0,17.0,29.88405797101449,53.813276360973155,27.42572536766268,1.1349744284332304,887701.7593984966,968844.1942910334,2002030.0,488.0,116062406.0,1813475.09375,479995.3695722332,2002884.0,8189.0,118064334.0,1736240.2058823518,597334.482088517,2002611.0,488.0,0,1,0,0,2080,2208,0.5505472973743282,0.5844271310589022,15.0,292.0,24.11851851851852,38.80761039608733,1506.0306246545051,0,0,0,1,1,0,0,0,1.0,24.298507462686572,18.092307692307692,29.88405797101449,0,0,0,0,0,0,65,1176,69,2062,-1,227,65,0,0.0,0.0,0.0,0.0,0.0,0.0,0.0,0.0,10
118076086,64,68,1161.0,2045.0,27.0,15.0,18.140625000000007,1.7262417890567112,292.0,17.0,30.073529411764717,54.19018917002141,27.15198401816944,1.117923234684456,901344.1679389314,964976.3893656448,2000987.0,345.0,116074147.0,1842446.7777777785,399542.1514297473,2004983.0,173174.0,118076086.0,1762329.641791044,545911.3078114847,2005327.0,345.0,0,1,0,0,2048,2176,0.5420233865136755,0.5758998481707803,15.0,292.0,24.240601503759397,39.08734399062583,1527.820460241513,0,0,0,1,1,0,0,0,1.0,24.424242424242426,18.140625,30.073529411764717,0,0,0,0,0,0,64,1161,68,2045,-1,227,64,0,0.0,0.0,0.0,0.0,0.0,0.0,0.0,0.0,0
62004910,3,3,63.0,495.0,27.0,18.0,21.0,5.196152422706632,292.0,17.0,165.0,138.69751259485514,8.99928731450461,0.0967665302634904,12400982.0,12727175.643356107,30350047.0,247809.0,31407054.0,15703527.0,7498781.147456031,21005966.0,10401088.0,35400225.0,17700112.5,24681284.30435143,35152416.0,247809.0,0,1,0,0,96,96,0.0483832651317452,0.0483832651317452,17.0,292.0,121.42857142857142,131.38728647635222,17262.619047619046,0,0,0,1,1,0,0,0,1.0,141.66666666666666,21.0,165.0,0,0,0,0,0,0,3,63,3,495,-1,377,3,0,2525089.0,3220560.2613210017,4802369.0,247809.0,18984910.666666668,12498822.261965018,30350047.0,5598719.0,2
118060388,61,65,1116.0,1994.0,27.0,18.0,18.29508196721312,1.6160060055074257,292.0,17.0,30.67692307692308,55.37009224648823,26.34245111916793,1.067250431194585,944483.104,1001013.7825781744,2001487.0,136.0,116059023.0,1934317.05,359174.0380388497,2001669.0,12643.0,118060388.0,1844693.5625,534910.0214997408,2001739.0,175.0,0,1,0,0,1952,2080,0.5166847325624577,0.5505656986321271,17.0,292.0,24.62992125984252,39.96423066360008,1597.1397325334333,0,0,0,1,1,0,0,0,1.0,24.825396825396822,18.295081967213115,30.67692307692308,0,0,0,0,0,0,61,1116,65,1994,-1,227,61,0,0.0,0.0,0.0,0.0,0.0,0.0,0.0,0.0,7
319,0,2,0.0,1027.0,0.0,0.0,0.0,0.0,1010.0,17.0,513.5,702.1570337182417,3219435.736677116,6269.592476489029,319.0,0.0,319.0,319.0,0.0,0.0,0.0,0.0,0.0,319.0,319.0,0.0,319.0,319.0,0,1,0,0,0,64,0.0,6269.59247648903,17.0,1010.0,679.0,573.3088173052984,328683.0,0,0,0,1,1,0,0,0,0.0,1018.5,0.0,513.5,0,0,0,0,0,0,0,0,2,1027,-1,243,0,0,0.0,0.0,0.0,0.0,0.0,0.0,0.0,0.0,1
119813969,209,0,0.0,0.0,0.0,0.0,0.0,0.0,0.0,0.0,0.0,0.0,0.0,1.744370892178691,576028.6971153843,740861.3338557439,4988556.0,16.0,119813969.0,576028.6971153843,740861.3338557439,4988556.0,16.0,0.0,0.0,0.0,0.0,0.0,0,0,0,0,0,0,1.7443708921786911,0.0,0.0,0.0,0.0,0.0,0.0,0,0,0,0,0,0,0,0,0.0,0.0,0.0,0.0,0,0,0,0,0,0,1,0,0,0,0,0,0,0,0.0,0.0,0.0,0.0,1589803676727580.8,35077301.796367235,1589803732215445.0,1589803614250875.0,7
4,0,2,0.0,1027.0,0.0,0.0,0.0,0.0,1010.0,17.0,513.5,702.1570337182417,256750000.0,500000.0,4.0,0.0,4.0,4.0,0.0,0.0,0.0,0.0,0.0,4.0,4.0,0.0,4.0,4.0,0,1,0,0,0,64,0.0,500000.0,17.0,1010.0,348.0,573.3088173052984,328683.0,0,0,0,1,1,0,0,0,0.0,522.0,0.0,513.5,0,0,0,0,0,0,0,0,2,1027,-1,229,0,0,0.0,0.0,0.0,0.0,0.0,0.0,0.0,0.0,3
277,0,2,0.0,1027.0,0.0,0.0,0.0,0.0,1010.0,17.0,513.5,702.1570337182417,3707581.227436823,7220.216606498195,277.0,0.0,277.0,277.0,0.0,0.0,0.0,0.0,0.0,277.0,277.0,0.0,277.0,277.0,0,1,0,0,0,64,0.0,7220.216606498195,17.0,1010.0,679.0,573.3088173052984,328683.0,0,0,0,1,1,0,0,0,0.0,1018.5,0.0,513.5,0,0,0,0,0,0,0,0,2,1027,-1,227,0,0,0.0,0.0,0.0,0.0,0.0,0.0,0.0,0.0,3
118057148,64,68,1188.0,2045.0,27.0,18.0,18.5625,1.991051409252336,292.0,17.0,30.073529411764717,54.19018917002141,27.385042369480253,1.1181025650390946,901199.603053435,968782.1295062456,2001155.0,132.0,116055718.0,1842154.2539682535,415300.099174544,2001861.0,297399.0,118057148.0,1762046.9850746265,556772.3524526713,2001829.0,192.0,0,1,0,0,2048,2176,0.5421103345644095,0.5759922304746851,17.0,292.0,24.4436090225564,39.061996863927654,1525.8395989974938,0,0,0,1,1,0,0,0,1.0,24.62878787878788,18.5625,30.073529411764717,0,0,0,0,0,0,64,1188,68,2045,-1,227,64,0,0.0,0.0,0.0,0.0,0.0,0.0,0.0,0.0,2
118050631,65,69,1176.0,2062.0,27.0,15.0,18.09230769230769,1.756444178972436,292.0,17.0,29.88405797101449,53.813276360973155,27.42890887216012,1.1351061732147794,887598.7293233084,956965.0402425028,2000487.0,425.0,116049918.0,1813279.96875,425437.85498725617,2002811.0,144034.0,118050631.0,1736038.6911764704,558418.6832675876,2002986.0,425.0,0,1,0,0,2080,2208,0.5506112034250795,0.5844949697896998,15.0,292.0,24.11851851851851,38.80761039608732,1506.030624654505,0,0,0,1,1,0,0,0,1.0,24.298507462686572,18.092307692307692,29.88405797101449,0,0,0,0,0,0,65,1176,69,2062,-1,227,65,0,0.0,0.0,0.0,0.0,0.0,0.0,0.0,0.0,2
119191623,65,69,1176.0,2062.0,27.0,15.0,18.092307692307696,1.756444178972436,292.0,17.0,29.88405797101449,53.813276360973155,27.166338694792326,1.1242400818721967,896177.6165413534,970476.8834510014,2000439.0,445.0,117189564.0,1831086.9375,452428.9467268261,2001261.0,20668.0,119191623.0,1752817.9852941176,578386.2837561661,2001406.0,445.0,0,1,0,0,2080,2208,0.5453403382215879,0.5788997436506087,15.0,292.0,24.11851851851852,38.80761039608733,1506.0306246545051,0,0,0,1,1,0,0,0,1.0,24.298507462686572,18.092307692307692,29.88405797101449,0,0,0,0,0,0,65,1176,69,2062,-1,227,65,0,0.0,0.0,0.0,0.0,0.0,0.0,0.0,0.0,1
118058149,61,65,1116.0,1994.0,27.0,18.0,18.29508196721312,1.6160060055074257,292.0,17.0,30.67692307692307,55.37009224648825,26.342950709823512,1.0672706718449396,944465.1920000004,994722.3244360932,2000902.0,187.0,116056879.0,1934281.3166666671,312833.78656315303,2001197.0,272964.0,118058149.0,1844658.578125,511522.5480762371,2001223.0,355.0,0,1,0,0,1952,2080,0.5166945316074708,0.5505761402374689,17.0,292.0,24.62992125984252,39.96423066360009,1597.1397325334335,0,0,0,1,1,0,0,0,1.0,24.825396825396822,18.295081967213115,30.67692307692308,0,0,0,0,0,0,61,1116,65,1994,-1,227,61,0,0.0,0.0,0.0,0.0,0.0,0.0,0.0,0.0,9
113231148,33,34,666.0,2372.0,72.0,18.0,20.18181818181818,9.553973471331656,478.0,17.0,69.76470588235293,114.20610258691386,26.83007329396678,0.5917099771875491,1715623.4545454544,2769083.48591894,12033595.0,220.0,108177389.0,3380543.40625,3163041.399763136,12033933.0,645.0,113231148.0,3431246.9090909087,3913223.817211666,15696683.0,357.0,0,1,0,0,1056,1088,0.29143924249536,0.3002707346921891,17.0,478.0,44.94117647058822,84.22143562948081,7093.25021949078,0,0,0,1,1,0,0,0,1.0,45.61194029850746,20.181818181818183,69.76470588235293,0,0,0,0,0,0,33,666,34,2372,-1,252,33,0,4097380.375,6773057.112301166,16067547.0,306.0,7827417.666666668,2378065.841501397,12033595.0,5042275.0,8
118058518,61,65,1116.0,1994.0,27.0,18.0,18.29508196721312,1.6160060055074257,292.0,17.0,30.67692307692308,55.37009224648823,26.34286837312323,1.0672673360172114,944468.1439999996,992593.0912758968,2000986.0,376.0,116056898.0,1934281.633333333,301636.3882368557,2001739.0,347204.0,118058518.0,1844664.34375,505219.6138383694,2001772.0,376.0,0,1,0,0,1952,2080,0.5166929166432531,0.5505744193739582,17.0,292.0,24.62992125984252,39.96423066360008,1597.1397325334333,0,0,0,1,1,0,0,0,1.0,24.825396825396822,18.295081967213115,30.67692307692308,0,0,0,0,0,0,61,1116,65,1994,-1,227,61,0,0.0,0.0,0.0,0.0,0.0,0.0,0.0,0.0,7
118060050,65,69,1176.0,2062.0,27.0,15.0,18.092307692307692,1.7564441789724357,292.0,17.0,29.8840579710145,53.813276360973155,27.42672055449748,1.1350156128173756,887669.5488721802,959277.6364027028,2000581.0,512.0,116058252.0,1813410.1875,436848.0999881243,2001536.0,418332.0,118060050.0,1736177.2058823528,566616.5327181504,2001658.0,512.0,0,1,0,0,2080,2208,0.5505672748741001,0.5844483379432754,15.0,292.0,24.11851851851852,38.80761039608733,1506.0306246545056,0,0,0,1,1,0,0,0,1.0,24.298507462686572,18.092307692307692,29.88405797101449,0,0,0,0,0,0,65,1176,69,2062,-1,227,65,0,0.0,0.0,0.0,0.0,0.0,0.0,0.0,0.0,10
119499985,61,65,1107.0,2003.0,27.0,18.0,18.147540983606557,1.152331919396064,292.0,17.0,30.81538461538461,55.349145292546154,26.02510786926041,1.0543934377899713,955999.88,994815.9501751636,2077598.0,147.0,118412787.0,1973546.45,191118.1388441941,2077897.0,704003.0,119499985.0,1867187.265625,469678.4693529417,2077903.0,378.0,0,1,0,0,1952,2080,0.5104603151205417,0.5439331226694296,17.0,292.0,24.700787401574804,39.96036031119432,1596.8303962004743,0,0,0,1,1,0,0,0,1.0,24.896825396825395,18.147540983606557,30.81538461538461,0,0,0,0,0,0,61,1107,65,2003,-1,227,61,0,0.0,0.0,0.0,0.0,0.0,0.0,0.0,0.0,5
